,species,elevation,soil_type,sepal_length,sepal_width,petal_length,petal_width,sepal_area,petal_area,sepal_aspect_ratio,petal_aspect_ratio,petal_curvature_mm,petal_texture_trichomes_per_mm2,leaf_area_cm2
0,setosa,medium,sandy,low,medium,low,low,medium,low,low,medium,low,medium,low
1,setosa,high,clay,low,high,low,low,high,low,low,low,low,high,low
2,setosa,medium,sandy,low,low,low,low,low,low,medium,low,low,high,low
3,setosa,low,clay,low,medium,low,low,low,low,low,medium,low,high,low
4,setosa,low,loamy,low,medium,low,low,low,low,low,low,low,high,low
5,setosa,medium,clay,low,medium,low,low,low,low,low,medium,low,high,low
6,setosa,high,clay,low,high,low,low,medium,low,low,low,low,high,low
7,setosa,low,loamy,low,high,low,low,high,low,low,medium,low,medium,low
8,setosa,high,clay,low,medium,low,low,medium,low,low,medium,low,high,low
9,setosa,low,sandy,low,medium,low,low,low,low,low,medium,low,high,low
10,setosa,medium,clay,low,high,low,low,medium,low,low,low,low,high,low
11,setosa,high,clay,low,high,low,low,medium,low,low,low,low,high,low
12,setosa,medium,clay,low,medium,low,low,medium,low,low,medium,low,high,low
13,setosa,medium,loamy,low,high,low,low,medium,low,low,low,low,high,low
14,setosa,low,clay,low,high,low,low,high,low,low,low,low,high,low
15,setosa,high,clay,low,medium,low,low,low,low,low,medium,low,medium,low
16,setosa,low,sandy,low,medium,low,low,medium,low,low,medium,low,medium,low
17,setosa,high,clay,low,high,low,low,high,low,low,medium,low,high,low
18,setosa,low,clay,low,high,low,low,medium,low,low,low,low,high,medium
19,setosa,high,clay,low,medium,low,low,low,low,low,medium,low,medium,low
20,setosa,medium,clay,medium,medium,low,low,medium,low,low,low,low,high,low
21,setosa,high,sandy,low,medium,low,low,low,low,low,medium,low,high,low
22,setosa,low,sandy,low,medium,low,low,medium,low,low,medium,low,high,low
23,setosa,high,loamy,low,low,low,low,low,low,low,low,low,high,low
24,setosa,low,clay,low,high,low,low,medium,low,low,medium,low,medium,low
25,setosa,low,loamy,low,medium,low,low,low,low,low,low,low,high,medium
26,setosa,medium,loamy,medium,medium,low,low,medium,low,low,low,low,high,low
27,setosa,low,clay,low,high,low,low,medium,low,low,medium,low,high,low
28,setosa,low,sandy,low,medium,low,low,low,low,low,low,low,high,low
29,setosa,high,sandy,low,medium,low,low,medium,low,low,medium,low,medium,low
30,setosa,high,clay,low,medium,low,low,medium,low,low,medium,low,medium,low
31,setosa,medium,clay,low,high,low,low,medium,low,low,low,low,high,low
32,setosa,high,sandy,low,low,low,low,low,low,low,medium,low,high,low
33,setosa,medium,clay,low,high,low,low,high,low,low,low,low,high,medium
34,setosa,low,clay,low,medium,low,low,medium,low,low,low,low,high,low
35,setosa,high,clay,low,high,low,low,medium,low,low,low,low,medium,medium
36,setosa,medium,sandy,low,low,low,low,low,low,medium,medium,low,medium,low
37,setosa,high,loamy,low,high,low,low,medium,low,low,low,low,high,low
38,setosa,low,loamy,low,medium,low,low,low,low,low,low,low,high,low
39,setosa,high,clay,low,high,low,low,medium,low,low,low,low,high,low
40,setosa,low,sandy,medium,low,low,low,low,low,medium,low,low,medium,medium
41,setosa,low,clay,low,high,low,low,high,low,low,low,low,high,low
42,setosa,low,sandy,low,low,low,low,low,low,medium,medium,low,high,low
43,setosa,high,clay,low,high,low,low,medium,low,low,low,low,high,low
44,setosa,high,sandy,low,high,low,low,medium,low,low,low,low,high,medium
45,setosa,high,sandy,low,medium,low,low,low,low,low,medium,low,high,medium
46,setosa,medium,loamy,low,medium,low,low,medium,low,low,low,low,medium,low
47,setosa,low,clay,low,high,low,low,high,low,low,medium,low,high,low
48,setosa,low,loamy,low,high,low,low,medium,low,low,medium,low,high,low
49,setosa,low,loamy,low,medium,low,low,low,low,medium,low,low,medium,medium
50,setosa,medium,sandy,medium,medium,low,low,medium,low,low,medium,low,medium,low
51,setosa,high,clay,low,high,low,low,medium,low,low,medium,low,medium,low
52,setosa,medium,sandy,low,medium,low,low,medium,low,low,low,low,high,low
53,setosa,low,sandy,low,medium,low,low,low,low,low,medium,low,medium,low
54,setosa,low,sandy,low,medium,low,low,low,low,low,medium,low,high,low
55,setosa,low,clay,low,medium,low,low,medium,low,medium,medium,low,high,low
56,setosa,medium,clay,low,medium,low,low,medium,low,low,low,low,high,medium
57,setosa,high,sandy,low,medium,low,low,low,low,low,low,low,high,low
58,setosa,medium,clay,medium,high,low,low,high,low,low,medium,low,medium,low
59,setosa,high,sandy,low,medium,low,low,low,low,low,low,low,high,low
60,setosa,medium,clay,low,high,low,low,medium,low,low,low,low,high,low
61,setosa,medium,clay,low,medium,low,low,medium,low,low,low,low,high,low
62,setosa,low,loamy,low,high,low,low,medium,low,low,medium,low,medium,medium
63,setosa,high,sandy,low,low,low,low,low,low,low,medium,low,medium,low
64,setosa,high,loamy,low,high,low,low,medium,low,low,medium,low,medium,low
65,setosa,low,loamy,low,medium,low,low,low,low,low,low,low,high,low
66,setosa,medium,sandy,low,low,low,low,low,low,medium,medium,low,high,low
67,setosa,medium,sandy,low,low,low,low,low,low,medium,medium,low,medium,medium
68,setosa,medium,clay,low,high,low,low,medium,low,low,low,low,medium,low
69,setosa,high,sandy,low,low,low,low,low,low,low,medium,low,high,medium
70,setosa,medium,loamy,low,medium,low,low,low,low,medium,low,low,high,low
71,setosa,medium,loamy,low,high,low,low,medium,low,low,high,low,high,low
72,setosa,low,sandy,low,low,low,low,low,low,medium,medium,low,high,low
73,setosa,low,loamy,low,medium,low,low,medium,low,low,low,low,high,low
74,setosa,low,clay,low,high,low,low,high,low,low,medium,low,medium,medium
75,setosa,low,loamy,low,high,low,low,medium,low,low,medium,low,high,low
76,setosa,high,clay,low,high,low,low,medium,low,low,medium,low,medium,low
77,setosa,high,loamy,low,high,low,low,medium,low,low,medium,low,high,low
78,setosa,low,clay,medium,high,low,low,high,low,low,low,low,high,low
79,setosa,high,clay,low,high,low,low,medium,low,low,medium,low,high,low
80,setosa,low,sandy,low,high,low,low,medium,low,low,low,low,high,medium
81,setosa,low,clay,medium,high,low,low,high,low,low,medium,low,high,low
82,setosa,low,sandy,low,low,low,low,low,low,medium,medium,low,high,low
83,setosa,medium,loamy,medium,medium,low,low,medium,low,low,medium,low,medium,low
84,setosa,low,loamy,low,medium,low,low,medium,low,low,medium,low,medium,low
85,setosa,medium,loamy,low,medium,low,low,low,low,low,medium,low,medium,low
86,setosa,medium,clay,low,medium,low,low,low,low,low,low,low,medium,medium
87,setosa,high,loamy,low,high,low,low,medium,low,low,low,low,high,low
88,setosa,low,loamy,low,medium,low,low,low,low,low,medium,low,medium,low
89,setosa,low,sandy,low,low,low,low,low,low,medium,medium,low,medium,low
90,setosa,low,sandy,low,medium,low,low,low,low,low,low,low,high,low
91,setosa,medium,loamy,low,medium,low,low,medium,low,low,medium,low,high,low
92,setosa,low,loamy,low,medium,low,low,medium,low,low,medium,low,high,low
93,setosa,high,clay,medium,medium,low,low,medium,low,low,low,low,high,medium
94,setosa,medium,clay,medium,medium,low,low,medium,low,low,low,low,high,medium
95,setosa,medium,loamy,low,medium,low,low,low,low,low,medium,low,high,low
96,setosa,medium,sandy,low,medium,low,low,medium,low,low,medium,low,high,low
97,setosa,low,loamy,low,high,low,low,medium,low,low,medium,low,high,low
98,setosa,low,clay,medium,high,low,low,high,low,low,low,low,high,medium
99,setosa,low,sandy,low,medium,low,low,medium,low,low,low,low,high,medium
100,setosa,medium,sandy,low,low,low,low,low,low,low,medium,low,medium,low
101,setosa,low,clay,low,high,low,low,medium,low,low,low,low,high,low
102,setosa,low,loamy,low,medium,low,low,medium,low,medium,medium,low,medium,medium
103,setosa,high,loamy,low,medium,low,low,low,low,low,low,low,high,low
104,setosa,low,loamy,medium,high,low,low,medium,low,low,medium,low,medium,medium
105,setosa,high,clay,low,high,low,low,medium,low,low,low,low,high,low
106,setosa,high,sandy,low,medium,low,low,low,low,low,low,low,high,low
107,setosa,low,clay,low,medium,low,low,low,low,low,medium,low,high,low
108,setosa,low,loamy,medium,medium,low,low,medium,low,low,low,low,high,medium
109,setosa,low,clay,low,high,low,low,medium,low,low,medium,low,high,medium
110,setosa,high,sandy,low,medium,low,low,low,low,low,low,low,high,low
111,setosa,medium,clay,low,medium,low,low,medium,low,low,low,low,high,medium
112,setosa,high,loamy,low,high,low,low,medium,low,low,low,low,high,medium
113,setosa,high,sandy,low,low,low,low,low,low,low,medium,low,medium,low
114,setosa,high,clay,low,medium,low,low,low,low,low,medium,low,high,medium
115,setosa,low,clay,low,high,low,low,medium,low,low,medium,low,high,low
116,setosa,low,sandy,low,medium,low,low,medium,low,low,medium,low,high,low
117,setosa,high,sandy,low,low,low,low,low,low,medium,low,low,high,low
118,setosa,low,loamy,medium,medium,low,low,medium,low,low,low,low,high,low
119,setosa,low,sandy,medium,medium,low,low,medium,low,medium,medium,low,high,low
120,setosa,high,loamy,low,high,low,low,low,low,low,medium,low,high,medium
121,setosa,medium,clay,low,medium,low,low,low,low,low,medium,low,medium,low
122,setosa,high,loamy,low,high,low,low,medium,low,low,low,low,high,low
123,setosa,medium,clay,low,high,low,low,high,low,low,medium,low,high,low
124,setosa,low,sandy,low,low,low,low,low,low,medium,medium,low,medium,low
125,setosa,high,clay,low,high,low,low,medium,low,low,low,low,high,low
126,setosa,low,sandy,low,low,low,low,low,low,medium,medium,low,medium,low
127,setosa,medium,clay,low,high,low,low,high,low,low,medium,low,high,medium
128,setosa,medium,clay,low,high,low,low,medium,low,low,medium,low,high,low
129,setosa,low,clay,low,high,low,low,high,low,low,medium,low,high,medium
130,setosa,medium,clay,low,high,low,low,medium,low,low,low,low,high,low
131,setosa,low,loamy,low,high,low,low,medium,low,low,medium,low,high,low
132,setosa,medium,clay,low,medium,low,low,low,low,low,low,low,high,medium
133,setosa,medium,loamy,low,medium,low,low,medium,low,low,medium,low,high,low
134,setosa,high,sandy,low,low,low,low,low,low,medium,medium,low,medium,medium
135,setosa,high,sandy,low,medium,low,low,medium,low,low,medium,low,medium,low
136,setosa,low,loamy,low,medium,low,low,medium,low,low,medium,low,high,low
137,setosa,medium,sandy,low,medium,low,low,low,low,low,medium,low,medium,low
138,setosa,medium,sandy,low,low,low,low,low,low,medium,medium,low,high,low
139,setosa,low,clay,low,medium,low,low,medium,low,low,low,low,high,low
140,setosa,high,clay,low,high,low,low,medium,low,low,low,low,high,low
141,setosa,high,clay,low,medium,low,low,low,low,low,medium,low,medium,low
142,setosa,low,loamy,low,high,low,low,high,low,low,low,low,high,low
143,setosa,medium,loamy,low,low,low,low,low,low,medium,medium,low,medium,low
144,setosa,low,sandy,low,medium,low,low,low,low,low,medium,low,medium,low
145,setosa,medium,clay,low,high,low,low,high,low,low,medium,low,medium,low
146,setosa,low,loamy,low,medium,low,low,low,low,low,medium,low,high,low
147,setosa,high,loamy,low,medium,low,low,low,low,low,medium,low,high,medium
148,setosa,high,clay,low,high,low,low,medium,low,low,low,low,high,low
149,setosa,medium,loamy,low,high,low,low,medium,low,low,medium,low,high,low
150,setosa,medium,clay,low,high,low,low,high,low,low,medium,low,medium,low
151,setosa,high,sandy,low,low,low,low,low,low,medium,low,low,high,low
152,setosa,medium,sandy,low,low,low,low,low,low,medium,low,low,medium,low
153,setosa,low,sandy,medium,medium,low,low,medium,low,medium,medium,low,high,low
154,setosa,medium,clay,low,high,low,low,high,low,low,low,low,high,low
155,setosa,high,loamy,low,high,low,low,high,low,low,low,low,high,low
156,setosa,medium,sandy,low,low,low,low,low,low,low,medium,low,high,low
157,setosa,medium,sandy,low,medium,low,low,low,low,low,medium,low,high,low
158,setosa,high,sandy,low,low,low,low,low,low,medium,medium,low,high,low
159,setosa,high,loamy,low,medium,low,low,low,low,low,low,low,high,low
160,setosa,high,loamy,low,low,low,low,low,low,low,low,low,high,low
161,setosa,low,clay,low,high,low,low,low,low,low,medium,low,high,low
162,setosa,medium,sandy,medium,medium,low,low,medium,low,low,low,low,high,medium
163,setosa,high,loamy,medium,medium,low,low,medium,low,low,medium,low,high,low
164,setosa,high,clay,low,high,low,low,medium,low,low,medium,low,medium,low
165,setosa,medium,sandy,low,low,low,low,low,low,low,medium,low,medium,medium
166,setosa,low,loamy,low,high,low,low,medium,low,low,medium,low,medium,low
167,setosa,high,loamy,low,low,low,low,low,low,medium,low,low,high,low
168,setosa,high,clay,low,medium,low,low,low,low,low,medium,low,medium,low
169,setosa,low,sandy,medium,medium,low,low,medium,low,low,low,low,high,low
170,setosa,medium,sandy,low,medium,low,low,low,low,low,medium,low,high,low
171,setosa,low,loamy,low,medium,low,low,low,low,low,low,low,high,low
172,setosa,medium,sandy,low,medium,low,low,medium,low,low,medium,low,high,low
173,setosa,low,clay,low,high,low,low,medium,low,low,low,low,medium,low
174,setosa,medium,loamy,low,medium,low,low,medium,low,low,medium,low,high,medium
175,setosa,medium,loamy,low,low,low,low,low,low,low,low,low,high,low
176,setosa,medium,clay,low,high,low,low,medium,low,low,low,low,medium,medium
177,setosa,medium,loamy,low,medium,low,low,medium,low,low,low,low,medium,low
178,setosa,high,sandy,low,medium,low,low,low,low,low,low,low,high,low
179,setosa,low,sandy,low,medium,low,low,low,low,low,medium,low,high,medium
180,setosa,low,loamy,low,high,low,low,medium,low,low,medium,low,medium,low
181,setosa,high,clay,low,high,low,low,medium,low,low,medium,low,medium,low
182,setosa,low,clay,low,medium,low,low,medium,low,low,medium,low,medium,low
183,setosa,high,sandy,low,medium,low,low,medium,low,low,high,low,medium,low
184,setosa,high,clay,low,high,low,low,high,low,low,low,low,high,low
185,setosa,medium,loamy,low,medium,low,low,low,low,low,medium,low,high,low
186,setosa,high,loamy,low,medium,low,low,low,low,low,medium,low,medium,low
187,setosa,low,sandy,low,low,low,low,low,low,medium,medium,low,medium,low
188,setosa,low,sandy,low,high,low,low,medium,low,low,medium,low,high,low
189,setosa,medium,sandy,low,medium,low,low,low,low,low,medium,low,high,low
190,setosa,medium,clay,medium,high,low,low,high,low,low,low,low,high,medium
191,setosa,high,loamy,low,high,low,low,medium,low,low,medium,low,high,low
192,setosa,low,loamy,low,medium,low,low,medium,low,low,low,low,high,low
193,setosa,medium,loamy,low,low,low,low,low,low,medium,low,low,medium,low
194,setosa,medium,sandy,low,medium,low,low,low,low,low,low,low,high,low
195,setosa,medium,loamy,low,high,low,low,medium,low,low,medium,low,high,low
196,setosa,low,clay,low,high,low,low,high,low,low,low,low,high,low
197,setosa,medium,clay,low,high,low,low,medium,low,low,medium,low,medium,low
198,setosa,high,loamy,low,high,low,low,medium,low,low,medium,low,high,medium
199,setosa,low,sandy,low,medium,low,low,low,low,medium,medium,low,high,low
200,setosa,high,loamy,low,medium,low,low,low,low,low,medium,low,medium,low
201,setosa,medium,clay,low,medium,low,low,medium,low,low,medium,low,medium,low
202,setosa,high,clay,low,high,low,low,medium,low,low,medium,low,high,medium
203,setosa,high,clay,low,medium,low,low,medium,low,low,low,low,high,low
204,setosa,low,loamy,low,high,low,low,medium,low,low,low,low,high,low
205,setosa,medium,clay,medium,high,low,low,medium,low,low,low,low,high,low
206,setosa,high,sandy,low,low,low,low,low,low,medium,low,low,medium,low
207,setosa,medium,loamy,low,medium,low,low,low,low,low,medium,low,high,low
208,setosa,high,loamy,low,high,low,low,medium,low,low,medium,low,high,low
209,setosa,medium,clay,low,medium,low,low,medium,low,low,medium,low,high,low
210,setosa,low,clay,low,high,low,low,medium,low,low,medium,low,medium,low
211,setosa,medium,sandy,low,high,low,low,medium,low,low,medium,low,high,low
212,setosa,high,loamy,low,medium,low,low,low,low,low,medium,low,medium,low
213,setosa,low,clay,medium,medium,low,low,medium,low,low,low,low,high,low
214,setosa,high,sandy,low,medium,low,low,low,low,low,low,low,high,low
215,setosa,high,clay,low,high,low,low,high,low,low,medium,low,medium,low
216,setosa,medium,loamy,low,medium,low,low,medium,low,low,medium,low,high,low
217,setosa,low,clay,low,medium,low,low,medium,low,low,low,low,medium,low
218,setosa,high,loamy,low,high,low,low,medium,low,low,low,low,high,low
219,setosa,low,clay,low,high,low,low,high,low,low,low,low,high,low
220,setosa,high,loamy,low,high,low,low,medium,low,low,medium,low,medium,low
221,setosa,medium,sandy,low,low,low,low,low,low,medium,low,low,medium,low
222,setosa,medium,loamy,low,high,low,low,medium,low,low,low,low,high,medium
223,setosa,high,sandy,low,medium,low,low,medium,low,low,medium,low,high,low
224,setosa,medium,loamy,medium,medium,low,low,medium,low,medium,medium,low,high,low
225,setosa,medium,sandy,low,medium,low,low,medium,low,low,medium,low,high,low
226,setosa,medium,clay,low,high,low,low,medium,low,low,medium,low,medium,low
227,setosa,medium,loamy,low,high,low,low,medium,low,low,low,low,high,medium
228,setosa,medium,clay,low,high,low,low,medium,low,low,low,low,high,low
229,setosa,high,sandy,low,medium,low,low,low,low,low,medium,low,high,low
230,setosa,medium,loamy,low,medium,low,low,medium,low,low,medium,low,medium,low
231,setosa,medium,loamy,low,high,low,low,medium,low,low,medium,low,high,low
232,setosa,high,clay,low,high,low,low,high,low,low,medium,low,medium,low
233,setosa,low,loamy,low,medium,low,low,medium,low,low,medium,low,high,low
234,setosa,low,loamy,low,medium,low,low,medium,low,low,low,low,medium,low
235,setosa,high,clay,low,high,low,low,medium,low,low,low,low,high,low
236,setosa,high,loamy,low,medium,low,low,low,low,low,medium,low,high,low
237,setosa,medium,clay,low,high,low,low,medium,low,low,low,low,medium,low
238,setosa,medium,clay,low,high,low,low,medium,low,low,low,low,high,low
239,setosa,low,clay,low,high,low,low,high,low,low,low,low,high,low
240,setosa,medium,clay,low,high,low,low,medium,low,low,low,low,high,medium
241,setosa,medium,clay,low,high,low,low,medium,low,low,low,low,high,low
242,setosa,medium,sandy,low,low,low,low,low,low,medium,medium,low,high,low
243,setosa,medium,sandy,low,low,low,low,low,low,medium,medium,low,high,low
244,setosa,low,clay,low,high,low,low,medium,low,low,medium,low,high,medium
245,setosa,low,sandy,low,low,low,low,low,low,low,medium,low,high,low
246,setosa,high,sandy,low,medium,low,low,medium,low,low,medium,low,high,low
247,setosa,medium,loamy,low,low,low,low,low,low,medium,low,low,high,low
248,setosa,medium,clay,low,high,low,low,medium,low,low,medium,low,high,low
249,setosa,low,sandy,low,medium,low,low,low,low,low,medium,low,high,low
250,setosa,low,loamy,low,medium,low,low,medium,low,low,medium,low,medium,medium
251,setosa,high,loamy,low,high,low,low,medium,low,low,low,low,high,low
252,setosa,medium,clay,low,high,low,low,high,low,low,medium,low,high,medium
253,setosa,medium,clay,low,high,low,low,high,low,low,medium,low,high,low
254,setosa,low,loamy,low,high,low,low,medium,low,low,medium,low,medium,low
255,setosa,high,clay,low,high,low,low,high,low,low,low,low,high,low
256,setosa,low,clay,low,high,low,low,medium,low,low,medium,low,high,low
257,setosa,low,loamy,low,low,low,low,low,low,medium,medium,low,high,low
258,setosa,medium,loamy,low,high,low,low,medium,low,low,low,low,high,low
259,setosa,low,clay,low,high,low,low,high,low,low,medium,low,high,low
260,setosa,low,sandy,medium,medium,low,low,low,low,medium,medium,low,high,low
261,setosa,medium,clay,low,medium,low,low,low,low,low,low,low,high,low
262,setosa,medium,sandy,low,medium,low,low,low,low,low,medium,low,high,low
263,setosa,high,loamy,low,medium,low,low,low,low,low,low,low,high,medium
264,setosa,medium,sandy,low,low,low,low,low,low,medium,low,low,medium,low
265,setosa,low,loamy,medium,low,low,low,low,low,medium,high,low,high,low
266,setosa,low,clay,low,high,low,low,high,low,low,medium,low,medium,medium
267,setosa,high,clay,low,high,low,low,medium,low,low,low,low,high,medium
268,setosa,medium,loamy,low,medium,low,low,medium,low,low,medium,low,high,medium
269,setosa,high,loamy,low,high,low,low,medium,low,low,low,low,high,low
270,setosa,low,loamy,low,high,low,low,high,low,low,medium,low,high,low
271,setosa,medium,clay,low,high,low,low,medium,low,low,medium,low,medium,low
272,setosa,low,clay,low,high,low,low,medium,low,low,low,low,high,low
273,setosa,medium,sandy,low,medium,low,low,low,low,medium,medium,low,high,low
274,setosa,high,loamy,low,medium,low,low,medium,low,low,high,low,high,low
275,setosa,high,sandy,medium,low,low,low,low,low,medium,high,low,medium,medium
276,setosa,medium,clay,low,medium,low,low,medium,low,low,medium,low,high,low
277,setosa,medium,sandy,low,medium,low,low,low,low,low,low,low,high,medium
278,setosa,high,sandy,low,medium,low,low,low,low,low,low,low,high,low
279,setosa,high,clay,low,high,low,low,high,low,low,low,low,high,low
280,setosa,low,clay,low,medium,low,low,medium,low,low,low,low,high,low
281,setosa,medium,loamy,low,medium,low,low,low,low,low,medium,low,high,low
282,setosa,low,sandy,low,medium,low,low,medium,low,low,medium,low,medium,medium
283,setosa,medium,clay,low,high,low,low,medium,low,low,low,low,high,low
284,setosa,medium,clay,low,high,low,low,high,low,low,medium,low,high,low
285,setosa,medium,sandy,low,low,low,low,low,low,low,low,low,high,low
286,setosa,medium,clay,low,medium,low,low,low,low,low,low,low,high,medium
287,setosa,low,loamy,low,low,low,low,low,low,medium,medium,low,high,low
288,setosa,medium,loamy,low,high,low,low,medium,low,low,medium,low,high,low
289,setosa,high,sandy,low,low,low,low,low,low,medium,low,low,high,medium
290,setosa,medium,loamy,low,low,low,low,low,low,low,low,low,medium,low
291,setosa,medium,clay,medium,high,low,low,high,low,low,low,low,high,medium
292,setosa,high,clay,low,high,low,low,medium,low,low,low,low,high,low
293,setosa,high,clay,low,high,low,low,medium,low,low,medium,low,medium,low
294,setosa,low,clay,low,medium,low,low,low,low,low,low,low,high,medium
295,setosa,low,sandy,medium,low,low,low,low,low,medium,low,low,high,low
296,setosa,high,loamy,low,medium,low,low,low,low,low,low,low,high,low
297,setosa,high,loamy,low,low,low,low,low,low,low,low,low,high,low
298,setosa,high,clay,low,high,low,low,medium,low,low,low,low,high,low
299,setosa,high,sandy,low,medium,low,low,low,low,low,low,low,high,low
300,setosa,medium,clay,low,high,low,low,medium,low,low,medium,low,high,low
301,setosa,medium,clay,low,medium,low,low,low,low,low,low,low,high,low
302,setosa,low,sandy,low,low,low,low,low,low,low,low,low,high,medium
303,setosa,low,sandy,low,medium,low,low,medium,low,low,low,low,high,medium
304,setosa,medium,clay,low,high,low,low,medium,low,low,low,low,medium,low
305,setosa,medium,loamy,low,high,low,low,medium,low,low,low,low,high,low
306,setosa,medium,clay,low,high,low,low,medium,low,low,low,low,high,low
307,setosa,high,loamy,low,medium,low,low,low,low,low,low,low,medium,medium
308,setosa,low,loamy,low,high,low,low,medium,low,low,low,low,high,low
309,setosa,medium,sandy,low,medium,low,low,medium,low,low,medium,low,high,low
310,setosa,low,sandy,low,low,low,low,low,low,medium,medium,low,high,low
311,setosa,medium,clay,low,medium,low,low,medium,low,low,medium,low,medium,low
312,setosa,high,loamy,low,high,low,low,medium,low,low,medium,low,high,low
313,setosa,high,loamy,low,medium,low,low,low,low,medium,low,low,high,low
314,setosa,high,clay,low,high,low,low,medium,low,low,low,low,high,medium
315,setosa,low,clay,low,medium,low,low,medium,low,low,medium,low,high,low
316,setosa,medium,clay,low,high,low,low,medium,low,low,medium,low,medium,low
317,setosa,medium,sandy,medium,medium,low,low,medium,low,low,low,low,high,low
318,setosa,medium,clay,low,high,low,low,medium,low,low,low,low,high,low
319,setosa,high,clay,low,high,low,low,medium,low,low,low,low,high,low
320,setosa,high,loamy,low,high,low,low,medium,low,low,low,low,high,low
321,setosa,high,clay,low,high,low,low,medium,low,low,medium,low,high,low
322,setosa,low,loamy,low,high,low,low,high,low,low,medium,low,high,low
323,setosa,high,loamy,low,medium,low,low,low,low,low,low,low,high,low
324,setosa,low,sandy,low,medium,low,low,low,low,low,medium,low,high,low
325,setosa,high,clay,low,medium,low,low,medium,low,low,low,low,medium,medium
326,setosa,low,clay,low,high,low,low,medium,low,low,medium,low,medium,medium
327,setosa,low,loamy,low,high,low,low,medium,low,low,low,low,high,low
328,setosa,medium,sandy,low,low,low,low,low,low,medium,medium,low,low,low
329,setosa,high,sandy,low,medium,low,low,low,low,low,medium,low,high,low
330,setosa,low,clay,low,high,low,low,medium,low,low,low,low,high,low
331,setosa,medium,loamy,low,medium,low,low,low,low,low,medium,low,high,low
332,setosa,high,clay,low,high,low,low,high,low,low,low,low,high,low
333,setosa,medium,clay,low,high,low,low,medium,low,low,low,low,high,low
334,setosa,low,clay,low,high,low,low,medium,low,low,medium,low,high,low
335,setosa,medium,clay,low,high,low,low,high,low,low,low,low,high,low
336,setosa,medium,loamy,low,high,low,low,low,low,low,medium,low,medium,low
337,setosa,high,sandy,low,low,low,low,low,low,medium,low,low,high,low
338,setosa,high,clay,low,low,low,low,low,low,low,low,low,high,medium
339,setosa,medium,clay,low,high,low,low,low,low,low,low,low,high,low
340,setosa,high,clay,low,medium,low,low,low,low,low,low,low,medium,low
341,setosa,medium,clay,low,medium,low,low,low,low,low,medium,low,high,low
342,setosa,low,sandy,low,medium,low,low,medium,low,low,medium,low,high,low
343,setosa,low,sandy,medium,medium,low,low,medium,low,medium,medium,low,high,low
344,setosa,medium,sandy,low,high,low,low,medium,low,low,low,low,medium,low
345,setosa,low,sandy,medium,low,low,low,medium,low,medium,medium,low,medium,low
346,setosa,high,clay,low,high,low,low,high,low,low,low,low,high,low
347,setosa,high,loamy,low,medium,low,low,low,low,low,medium,low,high,low
348,setosa,low,sandy,low,medium,low,low,low,low,low,medium,low,medium,low
349,setosa,medium,sandy,low,low,low,low,low,low,medium,medium,low,medium,low
350,setosa,high,clay,low,high,low,low,high,low,low,low,low,high,low
351,setosa,high,clay,low,high,low,low,medium,low,low,low,low,high,medium
352,setosa,high,clay,low,high,low,low,high,low,low,low,low,high,low
353,setosa,medium,clay,low,high,low,low,medium,low,low,low,low,high,medium
354,setosa,high,loamy,low,high,low,low,medium,low,low,low,low,high,medium
355,setosa,medium,loamy,low,medium,low,low,low,low,low,low,low,high,low
356,setosa,medium,sandy,medium,low,low,low,low,low,medium,medium,low,high,low
357,setosa,low,loamy,low,high,low,low,medium,low,low,medium,low,high,low
358,setosa,low,sandy,low,medium,low,low,low,low,low,medium,low,high,low
359,setosa,medium,sandy,low,medium,low,low,low,low,low,low,low,medium,low
360,setosa,low,loamy,low,medium,low,low,low,low,low,low,low,high,low
361,setosa,low,sandy,low,medium,low,low,medium,low,low,medium,low,medium,medium
362,setosa,high,clay,low,high,low,low,high,low,low,medium,low,medium,low
363,setosa,low,sandy,low,low,low,low,low,low,medium,low,low,high,low
364,setosa,medium,clay,low,high,low,low,high,low,low,medium,low,medium,low
365,setosa,medium,loamy,low,medium,low,low,low,low,low,medium,low,high,medium
366,setosa,high,loamy,low,high,low,low,medium,low,low,low,low,high,medium
367,setosa,medium,sandy,low,low,low,low,low,low,medium,low,low,high,low
368,setosa,low,clay,low,high,low,low,medium,low,low,low,low,high,low
369,setosa,medium,sandy,low,low,low,low,low,low,low,medium,low,high,low
370,setosa,high,loamy,low,medium,low,low,medium,low,low,medium,low,high,medium
371,setosa,high,sandy,low,low,low,low,low,low,medium,low,low,high,low
372,setosa,medium,sandy,low,high,low,low,medium,low,low,low,low,medium,low
373,setosa,low,clay,medium,high,low,low,high,low,low,low,low,high,low
374,setosa,high,loamy,low,high,low,low,medium,low,low,medium,low,medium,low
375,setosa,low,sandy,low,medium,low,low,low,low,low,medium,low,high,low
376,setosa,medium,clay,low,high,low,low,high,low,low,low,low,high,low
377,setosa,medium,sandy,low,low,low,low,low,low,low,low,low,high,low
378,setosa,low,clay,low,high,low,low,medium,low,low,medium,low,medium,low
379,setosa,medium,clay,low,high,low,low,high,low,low,medium,low,medium,low
380,setosa,low,sandy,low,low,low,low,low,low,medium,low,low,high,medium
381,setosa,high,loamy,medium,high,low,low,high,low,low,low,low,high,low
382,setosa,high,loamy,low,low,low,low,low,low,medium,medium,low,medium,low
383,setosa,low,clay,low,medium,low,low,low,low,low,low,low,high,low
384,setosa,high,loamy,low,low,low,low,low,low,medium,medium,low,high,low
385,setosa,low,clay,medium,high,low,low,high,low,low,low,low,high,low
386,setosa,medium,loamy,low,high,low,low,low,low,low,low,low,high,low
387,setosa,low,sandy,low,low,low,low,low,low,medium,low,low,high,low
388,setosa,high,loamy,low,high,low,low,medium,low,low,low,low,high,medium
389,setosa,high,clay,low,high,low,low,medium,low,low,medium,low,medium,low
390,setosa,medium,clay,low,high,low,low,medium,low,low,low,low,high,medium
391,setosa,high,loamy,low,high,low,low,medium,low,low,medium,low,high,low
392,setosa,medium,sandy,low,low,low,low,low,low,medium,medium,low,medium,low
393,setosa,high,clay,low,high,low,low,medium,low,low,low,low,high,low
394,setosa,high,clay,low,medium,low,low,low,low,low,low,low,medium,medium
395,setosa,high,clay,low,high,low,low,medium,low,low,low,low,high,medium
396,setosa,medium,clay,low,high,low,low,medium,low,low,low,low,medium,low
397,setosa,low,clay,low,low,low,low,low,low,medium,low,low,high,low
398,setosa,medium,sandy,low,low,low,low,low,low,low,low,low,high,low
399,setosa,low,loamy,low,medium,low,low,low,low,low,low,low,medium,low
400,versicolor,medium,sandy,medium,low,medium,medium,low,medium,medium,low,medium,medium,high
401,versicolor,medium,sandy,medium,medium,medium,medium,medium,medium,medium,low,medium,medium,medium
402,versicolor,medium,clay,medium,low,medium,medium,low,medium,medium,low,medium,medium,medium
403,versicolor,low,sandy,medium,medium,medium,medium,medium,medium,medium,low,medium,medium,medium
404,versicolor,low,clay,medium,medium,medium,medium,high,medium,low,low,low,medium,medium
405,versicolor,medium,sandy,medium,low,medium,medium,low,medium,high,low,medium,medium,medium
406,versicolor,high,clay,medium,medium,high,medium,medium,high,low,low,medium,medium,medium
407,versicolor,medium,clay,high,low,medium,medium,medium,medium,medium,low,medium,medium,medium
408,versicolor,medium,sandy,medium,low,medium,medium,low,medium,high,low,medium,medium,medium
409,versicolor,high,sandy,high,low,medium,medium,low,medium,high,low,medium,medium,medium
410,versicolor,medium,loamy,medium,medium,medium,medium,low,medium,medium,low,medium,medium,low
411,versicolor,low,loamy,medium,medium,medium,medium,medium,medium,medium,low,medium,medium,low
412,versicolor,medium,loamy,medium,medium,medium,high,medium,medium,medium,low,medium,medium,medium
413,versicolor,low,sandy,medium,low,medium,medium,low,medium,high,low,medium,medium,medium
414,versicolor,high,sandy,low,low,medium,medium,low,medium,medium,low,medium,medium,medium
415,versicolor,low,clay,low,low,high,medium,low,medium,low,low,medium,medium,medium
416,versicolor,medium,loamy,medium,low,high,medium,low,medium,medium,low,medium,medium,medium
417,versicolor,low,clay,medium,medium,medium,medium,medium,medium,medium,low,medium,medium,medium
418,versicolor,low,clay,high,medium,medium,medium,high,medium,medium,low,medium,low,medium
419,versicolor,high,clay,medium,medium,medium,high,medium,medium,medium,low,medium,medium,medium
420,versicolor,low,clay,medium,medium,medium,medium,medium,medium,medium,low,medium,low,medium
421,versicolor,low,loamy,medium,medium,medium,medium,medium,medium,medium,low,medium,medium,medium
422,versicolor,medium,clay,medium,medium,medium,medium,medium,medium,medium,low,medium,medium,high
423,versicolor,low,sandy,medium,medium,high,medium,medium,medium,medium,medium,medium,low,medium
424,versicolor,low,sandy,high,low,medium,medium,low,medium,high,low,medium,medium,medium
425,versicolor,high,sandy,medium,low,medium,medium,medium,medium,medium,low,medium,medium,medium
426,versicolor,high,loamy,medium,medium,medium,medium,high,medium,medium,low,medium,medium,medium
427,versicolor,high,clay,medium,medium,medium,medium,medium,medium,medium,low,medium,medium,medium
428,versicolor,high,loamy,medium,low,medium,medium,low,medium,medium,low,medium,medium,medium
429,versicolor,high,clay,medium,medium,medium,medium,medium,medium,medium,low,medium,low,medium
430,versicolor,low,loamy,high,medium,medium,medium,medium,medium,medium,low,medium,medium,low
431,versicolor,high,loamy,low,medium,medium,medium,medium,medium,medium,low,medium,medium,low
432,versicolor,high,clay,medium,medium,medium,high,medium,medium,medium,low,medium,medium,low
433,versicolor,high,loamy,medium,low,medium,medium,low,medium,high,low,medium,high,low
434,versicolor,medium,clay,medium,high,medium,medium,high,medium,low,low,medium,medium,medium
435,versicolor,low,sandy,medium,low,medium,medium,medium,medium,medium,low,medium,medium,low
436,versicolor,high,sandy,medium,low,medium,medium,low,medium,high,low,medium,high,medium
437,versicolor,high,sandy,low,low,medium,medium,low,medium,medium,low,medium,medium,medium
438,versicolor,high,loamy,medium,medium,medium,medium,medium,low,medium,low,low,medium,medium
439,versicolor,low,sandy,high,low,medium,medium,medium,medium,high,low,medium,medium,medium
440,versicolor,low,clay,medium,low,high,medium,medium,medium,medium,low,medium,low,medium
441,versicolor,low,sandy,high,low,medium,medium,medium,medium,high,low,medium,medium,medium
442,versicolor,high,sandy,medium,medium,medium,medium,medium,medium,medium,low,low,medium,medium
443,versicolor,low,loamy,medium,low,medium,medium,low,medium,medium,low,medium,medium,medium
444,versicolor,low,clay,medium,medium,medium,medium,medium,medium,medium,low,medium,medium,high
445,versicolor,high,loamy,low,medium,medium,medium,low,medium,low,low,medium,medium,medium
446,versicolor,low,loamy,medium,low,medium,medium,low,medium,medium,low,medium,medium,high
447,versicolor,high,clay,low,medium,medium,medium,low,medium,low,low,medium,low,medium
448,versicolor,medium,loamy,medium,low,medium,medium,low,medium,high,low,medium,medium,medium
449,versicolor,high,clay,medium,medium,medium,medium,medium,medium,medium,low,medium,medium,low
450,versicolor,medium,sandy,low,low,medium,medium,low,medium,high,low,low,medium,medium
451,versicolor,high,clay,medium,medium,medium,medium,medium,medium,medium,low,medium,medium,high
452,versicolor,high,clay,medium,medium,medium,medium,medium,medium,medium,low,medium,medium,medium
453,versicolor,low,clay,medium,medium,high,high,medium,high,medium,low,medium,medium,high
454,versicolor,low,loamy,medium,low,medium,medium,low,medium,high,low,medium,medium,low
455,versicolor,low,clay,medium,low,medium,medium,medium,medium,medium,low,medium,medium,low
456,versicolor,high,clay,low,high,medium,medium,medium,medium,low,low,medium,medium,medium
457,versicolor,high,clay,medium,medium,medium,medium,medium,medium,medium,low,medium,medium,medium
458,versicolor,medium,sandy,medium,low,medium,medium,low,medium,medium,low,medium,medium,medium
459,versicolor,medium,clay,medium,medium,medium,medium,medium,medium,medium,low,medium,medium,medium
460,versicolor,low,loamy,medium,medium,medium,medium,medium,medium,medium,low,medium,low,medium
461,versicolor,high,clay,medium,low,medium,medium,medium,medium,medium,low,medium,medium,medium
462,versicolor,high,clay,low,high,medium,medium,medium,medium,low,low,medium,medium,medium
463,versicolor,low,sandy,high,low,medium,medium,low,medium,high,low,medium,medium,low
464,versicolor,medium,clay,medium,medium,medium,medium,medium,medium,medium,low,medium,medium,low
465,versicolor,low,loamy,high,low,medium,medium,low,medium,high,low,medium,medium,medium
466,versicolor,medium,clay,medium,medium,medium,medium,medium,medium,medium,low,medium,medium,low
467,versicolor,medium,loamy,low,low,medium,medium,low,medium,medium,low,low,medium,high
468,versicolor,low,sandy,high,low,medium,medium,medium,medium,high,low,medium,medium,medium
469,versicolor,medium,clay,low,low,medium,medium,low,medium,low,low,medium,low,medium
470,versicolor,medium,sandy,medium,low,high,medium,low,medium,high,low,medium,medium,medium
471,versicolor,medium,clay,low,medium,medium,medium,medium,medium,low,low,medium,low,high
472,versicolor,medium,loamy,medium,low,medium,medium,medium,medium,medium,low,medium,medium,medium
473,versicolor,low,sandy,medium,low,medium,medium,low,medium,high,low,medium,medium,medium
474,versicolor,high,clay,medium,medium,medium,high,medium,medium,medium,low,medium,medium,medium
475,versicolor,high,loamy,medium,medium,medium,medium,medium,medium,medium,low,medium,medium,low
476,versicolor,medium,sandy,low,low,medium,medium,low,medium,high,low,medium,medium,medium
477,versicolor,low,clay,high,high,medium,medium,high,medium,medium,low,medium,low,low
478,versicolor,high,sandy,low,low,medium,medium,low,medium,medium,low,medium,medium,medium
479,versicolor,high,clay,medium,low,medium,medium,low,medium,medium,low,medium,medium,medium
480,versicolor,low,loamy,medium,medium,medium,medium,medium,medium,medium,low,medium,medium,medium
481,versicolor,low,loamy,low,low,high,medium,low,medium,medium,low,medium,medium,medium
482,versicolor,low,sandy,medium,low,high,medium,low,medium,medium,low,medium,medium,low
483,versicolor,medium,sandy,high,low,medium,medium,low,medium,high,low,medium,low,medium
484,versicolor,low,clay,high,medium,medium,medium,high,medium,medium,low,medium,medium,high
485,versicolor,medium,loamy,medium,low,medium,medium,medium,medium,medium,low,low,medium,medium
486,versicolor,high,clay,medium,medium,medium,medium,medium,medium,medium,low,medium,high,medium
487,versicolor,medium,loamy,low,medium,medium,medium,low,medium,low,low,medium,medium,medium
488,versicolor,medium,sandy,medium,low,medium,medium,medium,medium,medium,low,medium,high,medium
489,versicolor,medium,clay,medium,medium,medium,high,medium,medium,medium,low,medium,low,medium
490,versicolor,medium,clay,medium,medium,medium,medium,medium,medium,medium,low,medium,low,medium
491,versicolor,low,loamy,medium,low,medium,medium,medium,medium,medium,low,medium,low,low
492,versicolor,low,loamy,high,low,medium,medium,low,medium,high,low,medium,medium,medium
493,versicolor,high,loamy,medium,low,medium,medium,low,medium,medium,low,medium,high,low
494,versicolor,low,sandy,medium,low,high,medium,low,medium,medium,low,medium,medium,medium
495,versicolor,high,clay,low,medium,medium,medium,medium,medium,low,low,medium,medium,low
496,versicolor,high,loamy,medium,medium,medium,medium,medium,medium,medium,low,low,low,medium
497,versicolor,low,sandy,high,low,medium,medium,medium,medium,high,low,medium,low,medium
498,versicolor,medium,loamy,medium,medium,high,medium,medium,medium,medium,low,medium,medium,high
499,versicolor,medium,clay,medium,low,medium,medium,low,medium,medium,low,medium,medium,medium
500,versicolor,high,loamy,medium,low,medium,medium,low,medium,medium,low,medium,medium,high
501,versicolor,high,clay,medium,low,medium,medium,low,medium,medium,low,medium,low,low
502,versicolor,high,sandy,low,low,medium,medium,low,medium,medium,low,medium,medium,medium
503,versicolor,low,sandy,high,low,medium,medium,low,medium,high,low,medium,medium,medium
504,versicolor,high,loamy,medium,low,medium,medium,low,medium,high,low,medium,medium,low
505,versicolor,medium,clay,medium,low,medium,medium,medium,medium,medium,low,medium,low,medium
506,versicolor,medium,clay,high,medium,low,medium,high,medium,medium,low,medium,medium,medium
507,versicolor,low,clay,high,low,medium,medium,medium,medium,medium,low,medium,medium,medium
508,versicolor,low,loamy,high,high,medium,medium,high,medium,medium,low,medium,medium,medium
509,versicolor,high,clay,medium,low,medium,medium,low,medium,medium,low,medium,medium,low
510,versicolor,medium,clay,medium,medium,medium,medium,medium,medium,low,low,medium,medium,low
511,versicolor,low,clay,medium,medium,medium,medium,medium,medium,medium,low,low,low,low
512,versicolor,medium,clay,high,low,medium,medium,medium,medium,medium,low,low,medium,medium
513,versicolor,high,loamy,low,low,medium,medium,low,medium,medium,low,medium,medium,medium
514,versicolor,high,loamy,medium,low,medium,medium,medium,medium,medium,low,low,medium,low
515,versicolor,low,clay,medium,medium,high,medium,medium,medium,medium,low,medium,medium,medium
516,versicolor,low,clay,low,medium,medium,medium,low,medium,low,low,low,low,high
517,versicolor,low,sandy,high,low,high,medium,medium,medium,high,low,medium,low,medium
518,versicolor,high,sandy,low,low,medium,medium,low,medium,medium,low,medium,low,medium
519,versicolor,medium,clay,medium,medium,medium,high,medium,medium,medium,low,medium,medium,medium
520,versicolor,medium,clay,low,low,medium,medium,low,medium,medium,low,medium,medium,medium
521,versicolor,medium,sandy,medium,low,medium,medium,low,medium,medium,low,medium,medium,medium
522,versicolor,medium,sandy,medium,low,medium,medium,low,medium,high,low,medium,medium,medium
523,versicolor,high,clay,medium,medium,medium,medium,medium,medium,medium,low,medium,low,high
524,versicolor,medium,loamy,low,medium,medium,medium,low,medium,low,low,medium,medium,medium
525,versicolor,low,loamy,medium,medium,medium,medium,medium,medium,medium,low,medium,medium,medium
526,versicolor,low,clay,medium,medium,medium,high,medium,medium,medium,low,medium,medium,medium
527,versicolor,medium,clay,medium,medium,medium,medium,medium,medium,medium,low,medium,medium,medium
528,versicolor,high,sandy,medium,low,medium,medium,low,medium,high,low,medium,medium,high
529,versicolor,low,sandy,low,low,medium,low,low,low,medium,medium,low,medium,low
530,versicolor,high,loamy,medium,low,high,medium,low,medium,medium,low,medium,medium,medium
531,versicolor,high,clay,low,medium,medium,medium,medium,medium,low,low,medium,medium,medium
532,versicolor,low,sandy,high,low,medium,medium,low,medium,high,low,medium,medium,medium
533,versicolor,low,loamy,medium,low,high,medium,low,medium,medium,low,medium,medium,medium
534,versicolor,low,loamy,low,low,medium,medium,low,medium,medium,low,medium,low,low
535,versicolor,high,loamy,medium,low,medium,medium,medium,medium,medium,low,medium,medium,medium
536,versicolor,low,sandy,low,low,medium,medium,low,medium,medium,low,medium,medium,medium
537,versicolor,medium,sandy,medium,low,medium,low,medium,medium,medium,medium,medium,medium,medium
538,versicolor,medium,clay,low,medium,medium,medium,low,medium,low,low,medium,medium,medium
539,versicolor,high,clay,high,medium,medium,medium,high,medium,medium,low,low,medium,medium
540,versicolor,low,loamy,high,medium,medium,medium,high,medium,medium,low,medium,low,medium
541,versicolor,medium,loamy,low,low,medium,medium,low,medium,medium,low,low,medium,medium
542,versicolor,medium,sandy,medium,low,medium,medium,low,medium,high,low,medium,medium,low
543,versicolor,medium,sandy,low,medium,medium,medium,low,medium,medium,low,medium,medium,medium
544,versicolor,high,clay,high,medium,medium,medium,high,medium,medium,low,low,medium,medium
545,versicolor,low,clay,medium,medium,medium,medium,high,medium,low,low,medium,medium,medium
546,versicolor,high,clay,low,medium,medium,medium,low,medium,low,low,medium,low,medium
547,versicolor,high,sandy,low,low,medium,medium,low,medium,medium,low,medium,low,high
548,versicolor,medium,loamy,medium,low,high,medium,low,medium,medium,low,medium,medium,high
549,versicolor,high,clay,medium,medium,medium,medium,medium,medium,low,low,medium,low,medium
550,versicolor,medium,clay,medium,low,high,medium,medium,medium,medium,low,medium,medium,medium
551,versicolor,low,sandy,high,low,medium,medium,medium,medium,high,low,medium,medium,low
552,versicolor,medium,clay,low,medium,medium,medium,medium,medium,low,low,medium,medium,medium
553,versicolor,medium,loamy,medium,medium,medium,medium,low,medium,medium,low,medium,medium,medium
554,versicolor,medium,sandy,high,low,medium,medium,low,medium,high,low,medium,high,medium
555,versicolor,medium,clay,high,medium,medium,medium,medium,medium,medium,low,medium,high,medium
556,versicolor,high,clay,medium,low,medium,medium,medium,medium,medium,low,medium,medium,low
557,versicolor,medium,sandy,medium,low,medium,medium,low,medium,medium,low,low,medium,medium
558,versicolor,low,sandy,medium,low,medium,medium,low,medium,medium,low,medium,medium,medium
559,versicolor,medium,clay,medium,medium,medium,medium,medium,medium,low,low,medium,medium,high
560,versicolor,high,loamy,high,low,medium,medium,low,medium,high,low,medium,medium,medium
561,versicolor,high,sandy,low,low,high,medium,low,medium,high,low,medium,low,low
562,versicolor,medium,loamy,medium,medium,medium,medium,medium,medium,low,low,medium,low,low
563,versicolor,high,clay,low,medium,medium,medium,low,medium,low,low,medium,medium,medium
564,versicolor,low,loamy,low,low,medium,medium,low,medium,low,low,medium,medium,medium
565,versicolor,medium,clay,medium,low,medium,medium,medium,medium,medium,low,low,low,medium
566,versicolor,high,clay,low,medium,medium,high,low,medium,low,low,medium,medium,high
567,versicolor,high,clay,medium,medium,medium,medium,medium,medium,medium,low,medium,medium,medium
568,versicolor,high,clay,low,low,medium,medium,low,medium,medium,low,medium,medium,medium
569,versicolor,high,loamy,medium,medium,medium,medium,medium,medium,medium,low,medium,medium,low
570,versicolor,low,clay,high,low,medium,medium,medium,medium,high,low,medium,low,medium
571,versicolor,high,clay,medium,medium,medium,medium,medium,medium,medium,low,medium,low,low
572,versicolor,low,loamy,high,medium,medium,medium,high,medium,medium,low,medium,medium,medium
573,versicolor,low,sandy,medium,low,medium,medium,low,medium,medium,low,medium,medium,medium
574,versicolor,low,loamy,high,low,medium,medium,low,medium,high,low,medium,medium,high
575,versicolor,medium,loamy,medium,medium,medium,medium,low,medium,medium,low,medium,medium,low
576,versicolor,low,loamy,high,low,high,high,medium,high,high,low,medium,medium,medium
577,versicolor,low,clay,medium,high,medium,medium,high,medium,low,low,medium,low,medium
578,versicolor,low,clay,high,medium,medium,medium,high,medium,medium,low,medium,medium,medium
579,versicolor,low,clay,medium,low,high,medium,low,medium,medium,low,medium,medium,low
580,versicolor,medium,sandy,medium,low,medium,medium,medium,medium,medium,low,low,low,low
581,versicolor,medium,clay,low,medium,medium,medium,low,medium,low,low,medium,medium,medium
582,versicolor,medium,sandy,medium,low,medium,medium,low,medium,high,low,medium,medium,medium
583,versicolor,high,clay,medium,medium,medium,medium,medium,medium,medium,low,medium,medium,medium
584,versicolor,high,loamy,medium,low,medium,medium,low,medium,medium,low,medium,medium,medium
585,versicolor,high,clay,medium,medium,medium,medium,medium,medium,medium,low,medium,medium,medium
586,versicolor,medium,sandy,medium,low,medium,medium,low,medium,high,low,medium,low,low
587,versicolor,high,sandy,medium,low,medium,medium,low,medium,high,low,medium,medium,low
588,versicolor,low,clay,high,medium,medium,medium,high,medium,medium,low,medium,medium,low
589,versicolor,low,loamy,low,medium,medium,medium,medium,medium,low,low,low,medium,high
590,versicolor,medium,clay,low,medium,medium,medium,medium,medium,low,low,medium,high,medium
591,versicolor,high,clay,medium,low,medium,medium,low,medium,medium,low,low,medium,medium
592,versicolor,low,clay,medium,medium,medium,high,medium,medium,medium,low,medium,medium,medium
593,versicolor,low,loamy,high,medium,medium,medium,high,medium,medium,low,medium,low,medium
594,versicolor,low,sandy,medium,low,medium,medium,low,medium,high,low,medium,high,medium
595,versicolor,high,loamy,medium,low,medium,medium,low,medium,medium,low,medium,low,medium
596,versicolor,medium,sandy,medium,low,medium,medium,low,medium,high,low,medium,medium,medium
597,versicolor,low,sandy,low,low,high,medium,low,medium,medium,low,medium,medium,medium
598,versicolor,medium,sandy,medium,low,medium,medium,low,medium,high,low,medium,medium,high
599,versicolor,medium,loamy,medium,low,medium,medium,medium,medium,medium,low,medium,medium,medium
600,versicolor,medium,clay,medium,medium,medium,medium,medium,medium,medium,low,medium,medium,high
601,versicolor,low,clay,medium,medium,high,medium,medium,high,low,low,medium,low,medium
602,versicolor,high,clay,medium,high,medium,medium,high,medium,low,low,medium,medium,medium
603,versicolor,low,clay,high,medium,medium,medium,high,medium,medium,low,medium,medium,medium
604,versicolor,high,clay,medium,low,medium,medium,low,medium,medium,low,low,medium,medium
605,versicolor,low,loamy,medium,low,medium,medium,medium,medium,medium,low,medium,medium,high
606,versicolor,medium,loamy,high,medium,medium,medium,medium,medium,medium,low,medium,low,low
607,versicolor,medium,loamy,high,low,high,medium,low,medium,high,low,medium,medium,medium
608,versicolor,medium,loamy,medium,low,medium,medium,medium,medium,medium,low,medium,medium,medium
609,versicolor,low,loamy,medium,low,medium,medium,low,medium,high,low,medium,medium,medium
610,versicolor,high,loamy,low,medium,medium,medium,low,medium,low,low,medium,medium,medium
611,versicolor,low,loamy,high,medium,medium,medium,medium,medium,medium,low,medium,medium,high
612,versicolor,high,clay,low,low,medium,medium,low,medium,medium,low,low,medium,low
613,versicolor,high,sandy,medium,low,medium,medium,medium,medium,medium,low,medium,medium,high
614,versicolor,medium,loamy,medium,medium,medium,medium,medium,medium,medium,low,medium,medium,medium
615,versicolor,high,sandy,medium,low,medium,medium,low,medium,high,low,medium,medium,high
616,versicolor,medium,loamy,low,low,medium,medium,low,medium,medium,low,medium,medium,low
617,versicolor,medium,loamy,high,high,medium,medium,high,medium,medium,low,medium,medium,low
618,versicolor,high,clay,medium,medium,medium,medium,high,medium,low,low,low,medium,high
619,versicolor,low,sandy,low,low,medium,medium,low,medium,medium,low,medium,low,low
620,versicolor,medium,clay,high,low,medium,high,medium,medium,medium,low,medium,medium,low
621,versicolor,high,clay,medium,medium,medium,medium,medium,medium,medium,low,medium,medium,medium
622,versicolor,medium,sandy,medium,low,medium,low,low,medium,high,medium,medium,low,medium
623,versicolor,low,clay,medium,medium,medium,high,medium,medium,low,low,medium,medium,high
624,versicolor,medium,loamy,medium,medium,medium,medium,medium,medium,medium,low,low,medium,medium
625,versicolor,high,loamy,medium,low,medium,medium,low,medium,medium,low,medium,medium,medium
626,versicolor,high,loamy,high,medium,medium,medium,high,medium,medium,low,medium,medium,medium
627,versicolor,medium,loamy,medium,medium,medium,medium,medium,medium,medium,low,medium,low,medium
628,versicolor,medium,loamy,medium,medium,medium,medium,medium,medium,medium,low,medium,medium,medium
629,versicolor,high,clay,medium,low,medium,medium,low,medium,medium,low,medium,low,medium
630,versicolor,low,clay,medium,medium,medium,high,medium,high,medium,low,medium,medium,low
631,versicolor,low,loamy,medium,medium,medium,medium,medium,medium,medium,low,medium,medium,low
632,versicolor,high,loamy,medium,low,medium,medium,low,medium,medium,low,low,medium,high
633,versicolor,high,clay,medium,medium,medium,medium,medium,medium,medium,low,medium,medium,medium
634,versicolor,high,sandy,low,low,medium,medium,low,medium,medium,low,medium,medium,medium
635,versicolor,medium,clay,medium,medium,medium,medium,medium,medium,medium,low,medium,low,medium
636,versicolor,low,clay,low,medium,high,medium,low,high,medium,low,medium,medium,low
637,versicolor,medium,clay,low,low,medium,high,low,medium,medium,low,medium,medium,medium
638,versicolor,low,clay,medium,medium,high,medium,medium,medium,low,low,low,medium,medium
639,versicolor,low,clay,medium,high,medium,medium,high,medium,medium,low,medium,medium,medium
640,versicolor,high,sandy,low,low,medium,medium,low,medium,medium,low,medium,medium,medium
641,versicolor,low,loamy,medium,medium,medium,medium,medium,medium,medium,low,low,low,medium
642,versicolor,high,loamy,medium,low,medium,medium,low,medium,high,low,medium,medium,low
643,versicolor,medium,sandy,high,low,medium,medium,low,medium,high,low,medium,medium,medium
644,versicolor,medium,loamy,medium,medium,medium,medium,medium,medium,medium,low,medium,low,low
645,versicolor,low,loamy,medium,medium,medium,medium,medium,medium,medium,low,medium,medium,medium
646,versicolor,medium,loamy,medium,low,high,medium,low,medium,medium,low,medium,medium,high
647,versicolor,low,sandy,high,low,medium,medium,low,medium,high,low,medium,medium,medium
648,versicolor,high,sandy,medium,low,medium,medium,low,medium,high,low,low,medium,low
649,versicolor,high,loamy,medium,low,medium,medium,medium,medium,medium,low,medium,medium,medium
650,versicolor,medium,loamy,low,low,medium,medium,low,medium,medium,low,medium,medium,low
651,versicolor,low,loamy,medium,low,medium,medium,low,medium,high,low,medium,medium,medium
652,versicolor,high,clay,medium,low,medium,medium,medium,medium,medium,low,medium,medium,medium
653,versicolor,medium,clay,high,medium,medium,medium,high,medium,medium,low,low,medium,high
654,versicolor,low,clay,high,high,medium,medium,high,medium,medium,low,medium,low,medium
655,versicolor,medium,sandy,medium,low,medium,medium,low,medium,medium,low,medium,high,medium
656,versicolor,high,loamy,high,medium,medium,medium,medium,medium,medium,low,medium,medium,medium
657,versicolor,low,sandy,medium,low,medium,medium,low,medium,high,low,medium,low,medium
658,versicolor,low,sandy,high,low,medium,medium,medium,medium,high,low,medium,low,medium
659,versicolor,high,sandy,low,low,medium,medium,low,medium,medium,low,medium,medium,medium
660,versicolor,low,loamy,medium,low,high,medium,low,medium,medium,low,medium,medium,medium
661,versicolor,low,clay,medium,low,medium,medium,low,medium,medium,low,medium,medium,high
662,versicolor,medium,loamy,low,medium,medium,medium,medium,medium,low,low,medium,medium,medium
663,versicolor,high,loamy,medium,medium,medium,medium,medium,medium,low,low,low,medium,medium
664,versicolor,medium,sandy,medium,low,medium,medium,low,medium,medium,low,medium,medium,medium
665,versicolor,high,sandy,medium,low,medium,medium,low,medium,high,low,medium,high,medium
666,versicolor,high,sandy,medium,low,medium,low,low,medium,high,medium,medium,medium,low
667,versicolor,low,clay,medium,medium,medium,medium,medium,medium,medium,low,medium,medium,high
668,versicolor,high,clay,low,low,medium,medium,low,medium,medium,low,medium,medium,high
669,versicolor,medium,clay,medium,medium,medium,medium,medium,medium,medium,low,medium,medium,medium
670,versicolor,low,loamy,medium,medium,medium,medium,medium,medium,medium,low,medium,medium,medium
671,versicolor,medium,sandy,medium,low,medium,medium,low,medium,high,low,medium,medium,medium
672,versicolor,low,loamy,medium,low,medium,medium,low,medium,medium,low,medium,medium,medium
673,versicolor,low,clay,medium,medium,medium,medium,high,medium,medium,low,medium,medium,medium
674,versicolor,low,sandy,high,low,high,medium,medium,medium,medium,medium,medium,medium,low
675,versicolor,medium,clay,high,medium,medium,medium,high,medium,medium,low,low,medium,medium
676,versicolor,high,sandy,medium,low,medium,medium,low,medium,medium,low,low,high,medium
677,versicolor,medium,sandy,low,low,medium,medium,low,medium,medium,low,medium,medium,medium
678,versicolor,high,loamy,medium,low,medium,medium,low,medium,high,low,medium,high,medium
679,versicolor,low,loamy,medium,low,medium,medium,low,medium,medium,low,medium,medium,medium
680,versicolor,low,clay,medium,high,high,medium,high,medium,low,low,medium,medium,medium
681,versicolor,low,loamy,high,medium,high,medium,high,medium,medium,low,medium,medium,medium
682,versicolor,low,loamy,high,medium,medium,medium,high,medium,medium,low,medium,medium,medium
683,versicolor,low,loamy,high,low,medium,medium,medium,medium,high,low,medium,medium,medium
684,versicolor,high,sandy,high,low,medium,medium,medium,medium,high,low,medium,high,low
685,versicolor,high,loamy,medium,medium,medium,medium,medium,medium,medium,low,medium,medium,medium
686,versicolor,high,clay,medium,low,medium,medium,low,medium,medium,low,medium,low,medium
687,versicolor,low,sandy,high,low,medium,medium,medium,medium,high,low,medium,medium,medium
688,versicolor,high,sandy,medium,low,medium,medium,low,medium,high,low,medium,medium,high
689,versicolor,low,loamy,medium,medium,medium,medium,medium,medium,medium,low,low,medium,medium
690,versicolor,low,sandy,high,low,medium,medium,low,medium,high,medium,low,medium,medium
691,versicolor,high,clay,medium,medium,medium,medium,medium,medium,low,low,medium,medium,medium
692,versicolor,medium,clay,medium,medium,medium,medium,medium,medium,medium,low,medium,medium,high
693,versicolor,low,sandy,medium,low,medium,medium,low,medium,high,low,medium,medium,medium
694,versicolor,medium,loamy,medium,medium,medium,medium,medium,medium,medium,low,medium,medium,low
695,versicolor,low,loamy,medium,low,medium,medium,low,medium,medium,low,medium,high,medium
696,versicolor,high,sandy,medium,low,medium,medium,low,medium,high,low,medium,medium,high
697,versicolor,medium,clay,medium,medium,medium,medium,medium,medium,medium,low,low,medium,medium
698,versicolor,high,sandy,medium,low,medium,medium,low,medium,high,low,medium,medium,medium
699,versicolor,low,loamy,medium,medium,medium,medium,medium,medium,medium,low,medium,low,medium
700,versicolor,medium,loamy,high,low,medium,high,medium,medium,high,low,medium,medium,medium
701,versicolor,medium,sandy,medium,low,medium,low,low,medium,high,medium,medium,medium,medium
702,versicolor,medium,clay,medium,low,medium,medium,low,medium,medium,low,medium,medium,medium
703,versicolor,low,sandy,high,low,high,medium,medium,medium,high,low,medium,high,medium
704,versicolor,high,clay,medium,low,medium,medium,low,medium,high,low,medium,medium,medium
705,versicolor,high,clay,medium,low,medium,high,low,medium,medium,low,medium,medium,medium
706,versicolor,high,sandy,medium,low,medium,medium,low,medium,high,low,medium,medium,medium
707,versicolor,high,sandy,low,low,medium,medium,low,medium,medium,low,medium,medium,medium
708,versicolor,high,clay,medium,medium,medium,medium,medium,medium,medium,low,medium,high,medium
709,versicolor,medium,clay,high,medium,medium,medium,high,medium,medium,low,low,medium,medium
710,versicolor,high,clay,high,low,medium,medium,medium,medium,high,low,medium,medium,medium
711,versicolor,low,clay,medium,low,medium,medium,medium,medium,medium,low,medium,medium,low
712,versicolor,medium,loamy,medium,medium,medium,medium,medium,medium,medium,low,medium,medium,medium
713,versicolor,low,sandy,high,low,medium,medium,low,medium,high,low,medium,medium,medium
714,versicolor,medium,clay,medium,medium,medium,medium,medium,medium,medium,low,medium,medium,low
715,versicolor,low,sandy,medium,low,medium,medium,low,medium,medium,low,medium,medium,low
716,versicolor,high,clay,low,low,medium,medium,low,medium,medium,low,medium,medium,high
717,versicolor,low,sandy,medium,low,medium,medium,low,medium,medium,low,low,medium,medium
718,versicolor,low,sandy,medium,low,medium,medium,low,medium,high,low,medium,medium,medium
719,versicolor,medium,clay,medium,medium,medium,medium,medium,medium,medium,low,medium,high,low
720,versicolor,low,clay,medium,medium,medium,medium,medium,medium,medium,low,medium,medium,medium
721,versicolor,low,sandy,medium,low,medium,medium,medium,low,medium,low,medium,medium,medium
722,versicolor,low,sandy,medium,low,medium,medium,low,medium,high,low,medium,medium,low
723,versicolor,medium,sandy,medium,medium,medium,medium,high,medium,low,low,medium,medium,high
724,versicolor,medium,loamy,medium,medium,medium,medium,medium,medium,medium,low,medium,medium,medium
725,versicolor,high,clay,medium,medium,medium,medium,medium,medium,medium,low,medium,medium,medium
726,versicolor,high,loamy,medium,low,medium,medium,low,medium,medium,low,medium,medium,medium
727,versicolor,medium,loamy,medium,low,medium,medium,low,medium,medium,low,medium,medium,low
728,versicolor,medium,clay,high,high,medium,medium,high,medium,low,low,medium,medium,medium
729,versicolor,low,clay,medium,medium,medium,medium,high,medium,medium,low,medium,medium,medium
730,versicolor,high,loamy,medium,medium,medium,medium,low,medium,medium,low,medium,medium,medium
731,versicolor,low,clay,medium,medium,medium,medium,medium,medium,medium,low,medium,high,high
732,versicolor,low,sandy,high,low,high,medium,low,medium,high,low,medium,medium,low
733,versicolor,high,sandy,medium,low,medium,medium,medium,medium,medium,low,medium,medium,medium
734,versicolor,medium,loamy,low,low,medium,medium,low,medium,medium,low,medium,medium,low
735,versicolor,low,loamy,high,low,high,medium,medium,medium,medium,low,medium,low,medium
736,versicolor,low,clay,medium,low,medium,medium,low,medium,high,low,medium,medium,medium
737,versicolor,high,clay,medium,medium,medium,medium,high,medium,medium,low,medium,medium,medium
738,versicolor,high,loamy,low,medium,medium,medium,medium,medium,low,low,medium,medium,medium
739,versicolor,high,loamy,medium,low,medium,medium,low,medium,high,low,medium,medium,low
740,versicolor,medium,sandy,medium,low,medium,medium,low,medium,high,low,low,medium,high
741,versicolor,medium,sandy,medium,low,medium,medium,low,medium,high,low,medium,medium,high
742,versicolor,high,clay,low,medium,medium,medium,low,medium,low,low,medium,medium,medium
743,versicolor,high,sandy,medium,low,medium,medium,low,medium,high,low,low,low,medium
744,versicolor,low,clay,high,medium,medium,medium,high,medium,medium,low,low,medium,high
745,versicolor,high,clay,medium,medium,medium,medium,medium,medium,medium,low,medium,low,low
746,versicolor,low,clay,medium,medium,medium,medium,medium,medium,medium,low,medium,medium,medium
747,versicolor,low,sandy,high,low,medium,medium,medium,medium,high,low,medium,low,medium
748,versicolor,high,loamy,low,low,medium,medium,low,medium,medium,low,medium,low,low
749,versicolor,medium,loamy,medium,low,medium,medium,low,medium,medium,low,low,medium,medium
750,versicolor,high,sandy,medium,medium,medium,medium,low,low,medium,low,medium,medium,low
751,versicolor,low,loamy,high,low,medium,medium,low,medium,high,low,medium,medium,medium
752,versicolor,medium,clay,medium,medium,medium,medium,medium,medium,low,low,medium,medium,medium
753,versicolor,high,loamy,medium,medium,medium,medium,medium,medium,low,low,low,medium,medium
754,versicolor,high,sandy,medium,low,medium,low,low,low,medium,medium,medium,medium,medium
755,versicolor,low,loamy,medium,medium,medium,medium,medium,medium,medium,low,medium,medium,medium
756,versicolor,medium,clay,medium,medium,medium,medium,high,medium,medium,low,medium,high,medium
757,versicolor,medium,clay,low,medium,medium,medium,low,medium,low,low,medium,medium,medium
758,versicolor,low,sandy,medium,low,medium,medium,medium,medium,medium,low,medium,high,medium
759,versicolor,high,sandy,low,low,medium,medium,low,medium,medium,low,medium,medium,medium
760,versicolor,high,sandy,medium,low,medium,medium,low,medium,medium,low,medium,low,medium
761,versicolor,low,clay,high,medium,medium,medium,high,medium,medium,low,medium,medium,high
762,versicolor,low,loamy,low,low,medium,medium,low,medium,medium,low,medium,medium,low
763,versicolor,low,loamy,high,low,medium,medium,medium,medium,high,low,medium,low,medium
764,versicolor,high,sandy,low,low,medium,medium,low,medium,medium,low,medium,medium,high
765,versicolor,low,loamy,medium,low,medium,medium,low,medium,medium,low,medium,medium,medium
766,versicolor,medium,loamy,high,low,medium,medium,medium,medium,medium,low,medium,medium,low
767,versicolor,medium,sandy,low,low,medium,medium,low,medium,medium,low,medium,low,medium
768,versicolor,medium,sandy,low,low,medium,medium,low,medium,medium,low,medium,medium,medium
769,versicolor,low,clay,medium,medium,medium,medium,medium,medium,medium,low,medium,medium,low
770,versicolor,low,clay,low,low,high,medium,low,medium,medium,low,medium,low,high
771,versicolor,high,clay,medium,medium,medium,medium,medium,medium,low,low,medium,medium,medium
772,versicolor,high,clay,low,medium,medium,medium,medium,medium,low,low,medium,medium,medium
773,versicolor,high,loamy,low,medium,medium,medium,medium,medium,low,low,medium,medium,medium
774,versicolor,low,loamy,medium,medium,medium,medium,medium,medium,medium,low,medium,medium,low
775,versicolor,low,clay,high,medium,medium,medium,high,medium,medium,low,medium,medium,low
776,versicolor,medium,clay,low,medium,medium,medium,medium,medium,low,low,medium,medium,low
777,versicolor,low,sandy,medium,low,medium,medium,low,medium,high,medium,medium,medium,medium
778,versicolor,high,loamy,medium,medium,medium,medium,medium,medium,medium,low,medium,medium,medium
779,versicolor,medium,loamy,medium,medium,medium,medium,high,medium,medium,low,medium,medium,medium
780,versicolor,low,clay,medium,medium,medium,medium,medium,medium,medium,low,medium,medium,low
781,versicolor,high,loamy,low,medium,medium,medium,low,medium,low,low,medium,medium,medium
782,versicolor,high,sandy,medium,low,medium,medium,low,medium,medium,low,medium,medium,high
783,versicolor,low,sandy,medium,low,medium,medium,low,medium,high,low,medium,medium,medium
784,versicolor,medium,loamy,medium,low,medium,medium,medium,medium,medium,low,medium,medium,medium
785,versicolor,low,clay,medium,low,medium,medium,medium,medium,medium,medium,medium,medium,medium
786,versicolor,medium,loamy,medium,low,high,medium,low,medium,medium,low,medium,medium,low
787,versicolor,low,sandy,high,low,medium,medium,low,medium,high,low,medium,medium,medium
788,versicolor,medium,clay,low,low,low,medium,low,medium,medium,low,medium,medium,medium
789,versicolor,high,loamy,medium,low,medium,medium,medium,medium,medium,low,low,medium,low
790,versicolor,medium,clay,medium,medium,medium,medium,low,medium,medium,low,medium,medium,medium
791,versicolor,low,clay,medium,medium,medium,medium,medium,medium,medium,low,low,medium,medium
792,versicolor,medium,sandy,low,low,medium,medium,low,medium,medium,low,medium,medium,medium
793,versicolor,medium,clay,medium,low,medium,medium,low,medium,medium,low,low,medium,medium
794,versicolor,high,loamy,medium,medium,medium,medium,medium,medium,medium,low,medium,medium,medium
795,versicolor,medium,clay,low,medium,medium,medium,low,medium,low,low,low,medium,medium
796,versicolor,low,clay,medium,high,medium,medium,medium,medium,low,low,medium,low,medium
797,versicolor,low,loamy,medium,medium,medium,medium,medium,medium,medium,low,medium,medium,high
798,versicolor,high,sandy,low,low,high,medium,low,medium,high,medium,medium,low,medium
799,versicolor,low,sandy,medium,low,medium,medium,low,medium,medium,medium,medium,high,medium
800,virginica,high,loamy,high,medium,high,high,high,high,medium,low,medium,low,medium
801,virginica,low,loamy,medium,medium,high,high,medium,high,medium,low,high,low,medium
802,virginica,low,sandy,high,low,high,high,medium,high,high,low,high,low,high
803,virginica,medium,clay,high,high,high,high,high,high,low,low,high,low,high
804,virginica,high,loamy,medium,medium,medium,medium,medium,medium,medium,low,medium,low,medium
805,virginica,high,clay,high,medium,medium,high,high,high,medium,low,medium,low,medium
806,virginica,low,loamy,medium,medium,high,medium,high,high,medium,low,medium,low,medium
807,virginica,medium,sandy,high,low,high,medium,low,high,high,low,high,low,high
808,virginica,low,clay,medium,medium,high,high,medium,high,low,low,high,low,medium
809,virginica,medium,clay,high,high,high,high,high,high,low,low,high,low,high
810,virginica,medium,loamy,low,medium,high,high,medium,high,low,low,high,low,high
811,virginica,high,clay,high,medium,medium,high,medium,high,medium,low,low,medium,medium
812,virginica,high,loamy,high,medium,high,medium,high,medium,medium,low,high,low,medium
813,virginica,medium,sandy,high,low,high,high,medium,high,high,low,medium,low,medium
814,virginica,medium,clay,high,high,medium,high,high,high,medium,low,medium,low,high
815,virginica,high,loamy,medium,high,high,high,high,high,low,low,medium,low,high
816,virginica,high,clay,medium,medium,high,high,medium,high,medium,low,medium,low,high
817,virginica,low,loamy,high,low,high,high,medium,high,high,low,medium,low,high
818,virginica,low,loamy,medium,medium,high,high,high,high,medium,low,high,low,medium
819,virginica,medium,loamy,high,medium,high,high,high,high,medium,low,medium,medium,high
820,virginica,low,sandy,low,low,high,medium,low,high,medium,low,high,low,high
821,virginica,low,clay,high,medium,high,high,high,high,medium,low,high,low,high
822,virginica,low,sandy,high,low,high,medium,low,medium,high,low,medium,low,high
823,virginica,medium,loamy,medium,low,high,high,low,high,medium,low,high,low,high
824,virginica,low,loamy,medium,medium,high,medium,high,high,medium,low,medium,low,high
825,virginica,low,sandy,high,low,high,medium,low,medium,high,low,high,low,high
826,virginica,low,sandy,high,low,high,high,medium,high,high,low,high,low,high
827,virginica,high,clay,medium,medium,high,high,medium,high,low,low,high,medium,high
828,virginica,high,loamy,medium,medium,high,medium,medium,high,medium,low,high,low,medium
829,virginica,medium,sandy,high,medium,high,medium,high,medium,medium,low,high,low,medium
830,virginica,medium,loamy,low,medium,high,high,low,high,medium,low,high,low,high
831,virginica,high,loamy,medium,low,high,high,medium,high,medium,low,high,low,medium
832,virginica,low,clay,high,low,high,high,medium,high,high,low,high,low,medium
833,virginica,low,clay,high,medium,high,high,high,high,high,low,medium,low,high
834,virginica,low,clay,high,high,medium,high,high,high,low,low,high,low,medium
835,virginica,low,sandy,medium,medium,high,medium,medium,high,medium,low,medium,low,high
836,virginica,medium,loamy,high,high,high,high,high,high,medium,low,high,low,high
837,virginica,high,sandy,medium,low,high,medium,low,medium,high,low,medium,low,medium
838,virginica,medium,sandy,medium,low,high,high,low,high,high,low,high,low,high
839,virginica,medium,clay,high,medium,high,medium,medium,high,medium,low,high,low,medium
840,virginica,high,loamy,low,low,medium,medium,low,medium,medium,low,high,low,high
841,virginica,low,loamy,medium,medium,high,high,medium,high,medium,low,medium,low,high
842,virginica,low,clay,high,medium,high,high,medium,high,medium,low,high,low,high
843,virginica,medium,loamy,low,low,high,high,low,high,medium,low,medium,medium,medium
844,virginica,medium,clay,high,medium,high,high,high,high,medium,low,high,low,high
845,virginica,low,sandy,high,low,high,high,medium,high,high,low,high,low,high
846,virginica,medium,sandy,medium,low,high,medium,low,high,medium,low,high,low,medium
847,virginica,medium,clay,low,medium,high,high,low,high,medium,low,high,low,high
848,virginica,high,sandy,high,low,high,medium,low,high,high,low,high,medium,high
849,virginica,medium,sandy,high,low,high,high,medium,high,high,low,high,low,medium
850,virginica,low,clay,high,medium,high,high,high,high,medium,low,high,low,medium
851,virginica,low,sandy,high,low,high,medium,medium,medium,high,medium,high,low,high
852,virginica,medium,loamy,medium,medium,medium,high,medium,high,medium,low,high,low,high
853,virginica,low,sandy,medium,low,high,medium,medium,high,high,low,high,low,medium
854,virginica,high,clay,medium,medium,high,high,medium,high,medium,low,medium,low,medium
855,virginica,medium,loamy,high,medium,high,high,high,high,medium,low,high,low,medium
856,virginica,low,loamy,high,medium,medium,high,high,high,medium,low,high,low,medium
857,virginica,high,sandy,high,medium,high,high,medium,high,medium,low,high,low,medium
858,virginica,medium,loamy,high,medium,high,high,high,high,medium,low,high,low,medium
859,virginica,low,clay,medium,medium,high,high,high,high,low,low,medium,low,high
860,virginica,high,loamy,high,high,high,high,high,high,medium,low,high,low,high
861,virginica,high,sandy,medium,low,high,medium,low,medium,high,low,high,low,medium
862,virginica,high,sandy,medium,low,medium,medium,low,medium,high,low,high,low,high
863,virginica,low,loamy,low,high,high,high,medium,high,low,low,high,low,medium
864,virginica,medium,clay,medium,medium,high,high,medium,high,medium,low,high,low,high
865,virginica,high,clay,medium,high,high,high,high,high,medium,low,high,low,high
866,virginica,low,sandy,high,low,high,medium,medium,medium,high,low,high,low,medium
867,virginica,low,sandy,high,low,high,high,medium,high,high,low,high,medium,high
868,virginica,high,clay,medium,medium,high,high,medium,high,medium,low,medium,low,medium
869,virginica,low,loamy,high,medium,high,medium,high,high,medium,low,high,low,medium
870,virginica,high,loamy,medium,medium,medium,medium,medium,medium,medium,low,medium,low,medium
871,virginica,medium,loamy,high,medium,medium,high,high,high,medium,low,high,low,high
872,virginica,medium,loamy,medium,medium,high,medium,medium,medium,medium,low,high,low,medium
873,virginica,low,clay,high,high,high,high,high,high,medium,low,medium,low,medium
874,virginica,high,sandy,medium,low,high,medium,low,high,high,low,high,low,high
875,virginica,medium,sandy,high,low,high,medium,medium,high,high,low,high,medium,high
876,virginica,medium,loamy,high,medium,high,high,medium,high,medium,low,high,low,high
877,virginica,high,clay,high,medium,high,high,high,high,medium,low,medium,low,high
878,virginica,high,clay,high,medium,high,medium,high,high,medium,low,high,low,high
879,virginica,high,loamy,high,low,medium,high,low,medium,high,low,medium,low,medium
880,virginica,medium,loamy,medium,medium,high,medium,medium,medium,low,low,high,low,high
881,virginica,medium,loamy,high,high,high,medium,high,medium,medium,low,medium,low,medium
882,virginica,high,sandy,high,medium,medium,medium,high,medium,high,low,high,low,high
883,virginica,medium,loamy,high,medium,high,medium,high,medium,medium,low,high,low,high
884,virginica,low,sandy,high,low,high,medium,medium,high,high,low,high,low,high
885,virginica,low,clay,high,medium,high,high,high,high,high,low,high,low,high
886,virginica,high,clay,high,high,high,high,high,high,low,low,high,low,medium
887,virginica,medium,sandy,medium,low,high,medium,low,medium,high,low,high,low,medium
888,virginica,medium,sandy,low,low,high,high,low,high,medium,low,high,medium,high
889,virginica,medium,sandy,medium,low,high,medium,low,high,high,low,high,low,medium
890,virginica,low,sandy,low,medium,high,medium,low,high,medium,low,high,low,high
891,virginica,medium,loamy,high,medium,high,high,high,high,medium,low,high,low,high
892,virginica,low,clay,high,high,high,high,high,high,medium,low,high,low,high
893,virginica,medium,loamy,medium,medium,high,high,medium,high,medium,low,high,low,high
894,virginica,medium,sandy,medium,low,high,medium,low,medium,high,low,high,low,high
895,virginica,medium,loamy,high,low,high,high,medium,high,high,low,medium,low,high
896,virginica,high,loamy,medium,low,high,medium,low,medium,medium,low,high,low,medium
897,virginica,high,clay,high,medium,high,high,high,high,medium,low,high,low,low
898,virginica,high,loamy,high,medium,high,medium,high,high,medium,low,medium,medium,high
899,virginica,low,clay,high,medium,high,high,high,high,medium,low,high,low,high
900,virginica,low,sandy,high,low,high,medium,high,medium,high,low,high,low,high
901,virginica,medium,loamy,medium,medium,high,high,medium,high,low,low,high,low,medium
902,virginica,high,sandy,medium,low,medium,medium,low,medium,high,low,high,low,medium
903,virginica,high,clay,high,medium,high,high,high,high,medium,low,medium,low,high
904,virginica,high,sandy,high,low,medium,medium,medium,medium,high,low,high,low,high
905,virginica,low,sandy,medium,low,high,high,low,high,medium,low,high,low,high
906,virginica,medium,clay,medium,high,high,high,high,high,low,low,high,low,high
907,virginica,medium,sandy,high,low,medium,medium,medium,medium,high,low,high,low,medium
908,virginica,low,sandy,high,low,high,high,medium,high,high,low,high,low,high
909,virginica,low,sandy,high,low,high,high,medium,high,high,low,high,low,high
910,virginica,high,loamy,medium,medium,high,high,medium,high,medium,low,high,low,medium
911,virginica,low,sandy,high,low,high,medium,medium,high,high,low,high,low,high
912,virginica,low,clay,high,high,high,high,high,high,medium,low,high,low,high
913,virginica,low,loamy,high,medium,high,high,high,high,medium,low,high,low,high
914,virginica,high,loamy,medium,high,high,medium,high,medium,low,low,high,low,medium
915,virginica,medium,clay,high,medium,medium,high,high,high,medium,low,medium,low,high
916,virginica,high,sandy,high,low,high,medium,medium,medium,high,low,medium,low,medium
917,virginica,high,loamy,high,medium,high,high,high,high,medium,low,high,low,high
918,virginica,medium,loamy,high,medium,high,high,high,high,medium,low,high,low,high
919,virginica,medium,loamy,high,medium,high,high,high,high,medium,low,high,low,medium
920,virginica,low,sandy,high,medium,high,high,medium,high,medium,low,high,low,medium
921,virginica,low,loamy,high,medium,high,high,high,high,high,low,high,low,high
922,virginica,high,clay,high,high,high,high,high,high,medium,low,high,low,medium
923,virginica,high,sandy,high,low,high,high,low,high,high,low,high,low,medium
924,virginica,medium,clay,high,medium,high,high,high,high,medium,low,medium,low,medium
925,virginica,medium,clay,medium,medium,high,high,medium,high,medium,low,high,low,high
926,virginica,medium,loamy,medium,medium,high,high,high,high,low,low,medium,low,high
927,virginica,low,loamy,medium,low,high,high,low,high,medium,low,high,low,medium
928,virginica,low,loamy,high,medium,high,medium,high,high,high,low,high,low,high
929,virginica,low,clay,high,medium,high,high,high,high,medium,low,high,low,high
930,virginica,low,sandy,medium,low,high,high,low,high,high,low,high,low,medium
931,virginica,high,loamy,high,medium,medium,high,high,high,medium,low,medium,low,medium
932,virginica,low,loamy,high,low,high,medium,medium,medium,high,low,high,medium,high
933,virginica,low,clay,high,medium,medium,high,high,high,medium,low,medium,low,high
934,virginica,medium,sandy,medium,low,high,high,low,high,high,low,high,low,medium
935,virginica,high,clay,high,medium,medium,high,high,high,medium,low,high,low,high
936,virginica,low,loamy,low,medium,high,high,medium,high,low,low,high,low,high
937,virginica,low,clay,medium,medium,high,high,high,high,medium,low,high,low,low
938,virginica,medium,loamy,medium,low,high,high,low,high,high,low,high,low,medium
939,virginica,high,sandy,high,low,high,high,medium,high,high,low,high,low,high
940,virginica,medium,clay,medium,medium,high,high,high,high,low,low,high,low,high
941,virginica,high,loamy,medium,medium,high,high,medium,high,low,low,high,low,high
942,virginica,high,loamy,high,low,high,medium,medium,high,high,low,medium,low,high
943,virginica,high,loamy,low,medium,medium,medium,medium,medium,low,low,medium,low,high
944,virginica,medium,loamy,low,medium,medium,medium,low,medium,low,low,high,low,high
945,virginica,medium,clay,medium,medium,high,high,medium,high,medium,low,high,low,high
946,virginica,low,loamy,high,low,high,high,medium,high,high,low,high,low,high
947,virginica,high,clay,high,medium,high,high,high,high,medium,low,medium,low,high
948,virginica,medium,loamy,high,medium,high,high,medium,high,medium,low,high,low,high
949,virginica,low,clay,medium,medium,high,high,medium,high,medium,low,high,low,medium
950,virginica,high,clay,medium,medium,medium,high,medium,medium,low,low,high,medium,high
951,virginica,low,loamy,high,low,high,high,low,high,high,low,high,low,medium
952,virginica,medium,loamy,medium,medium,high,high,medium,high,medium,low,high,low,medium
953,virginica,medium,loamy,medium,low,high,high,low,high,medium,low,high,low,high
954,virginica,medium,loamy,medium,low,medium,high,low,high,medium,low,high,low,medium
955,virginica,high,sandy,medium,low,high,high,medium,high,high,low,high,low,medium
956,virginica,low,loamy,medium,medium,high,high,medium,high,medium,low,high,low,high
957,virginica,medium,loamy,medium,medium,high,high,medium,high,medium,low,high,low,high
958,virginica,medium,loamy,medium,medium,high,medium,medium,high,medium,low,high,medium,high
959,virginica,medium,clay,medium,medium,high,high,medium,high,low,low,high,low,medium
960,virginica,high,loamy,high,low,medium,medium,medium,medium,high,low,medium,low,high
961,virginica,medium,clay,high,medium,high,high,high,high,medium,low,medium,low,high
962,virginica,medium,clay,medium,medium,high,high,high,high,low,low,high,low,high
963,virginica,low,clay,high,medium,high,high,high,high,medium,low,high,low,high
964,virginica,high,clay,medium,medium,medium,high,medium,high,medium,low,high,low,high
965,virginica,medium,sandy,high,low,high,medium,medium,medium,high,low,high,low,high
966,virginica,high,loamy,high,high,high,high,high,high,medium,low,high,low,high
967,virginica,low,clay,medium,medium,high,high,medium,high,medium,low,high,medium,high
968,virginica,low,loamy,medium,medium,high,medium,high,medium,medium,low,high,low,high
969,virginica,medium,clay,low,medium,high,high,medium,high,low,low,high,low,high
970,virginica,high,sandy,low,low,high,high,low,high,medium,low,high,low,high
971,virginica,medium,clay,low,medium,high,high,low,high,low,low,high,low,medium
972,virginica,high,loamy,high,medium,high,high,high,high,medium,low,high,low,high
973,virginica,medium,loamy,medium,medium,high,medium,high,medium,low,low,high,low,high
974,virginica,medium,sandy,high,low,high,high,medium,high,medium,low,medium,low,high
975,virginica,low,loamy,high,low,high,high,high,high,high,low,high,medium,high
976,virginica,high,loamy,high,low,high,high,medium,high,high,low,high,low,high
977,virginica,low,clay,medium,medium,high,high,medium,high,low,low,high,low,medium
978,virginica,high,loamy,low,medium,high,high,medium,high,medium,low,high,low,high
979,virginica,high,clay,high,medium,high,high,high,high,medium,low,high,low,medium
980,virginica,high,sandy,medium,low,high,medium,low,high,high,low,medium,low,medium
981,virginica,medium,loamy,high,medium,high,high,high,high,medium,low,high,low,medium
982,virginica,high,clay,high,high,medium,high,high,high,low,low,medium,low,high
983,virginica,high,loamy,high,medium,high,high,medium,high,medium,low,medium,low,high
984,virginica,low,clay,high,medium,high,high,medium,high,medium,low,high,low,high
985,virginica,medium,sandy,medium,low,high,high,low,high,high,low,high,low,high
986,virginica,low,clay,high,medium,high,high,high,high,medium,low,high,low,high
987,virginica,medium,loamy,high,low,high,medium,medium,high,medium,low,high,low,medium
988,virginica,low,clay,medium,medium,high,high,medium,high,medium,low,high,low,high
989,virginica,low,loamy,high,medium,high,high,high,high,medium,low,high,low,high
990,virginica,medium,sandy,high,low,high,high,medium,high,high,low,high,low,high
991,virginica,medium,clay,high,low,medium,high,medium,high,high,low,medium,low,medium
992,virginica,medium,loamy,medium,low,high,high,low,high,medium,low,medium,low,medium
993,virginica,low,loamy,high,medium,high,high,high,high,medium,low,high,low,high
994,virginica,medium,loamy,high,low,high,high,medium,high,high,low,high,low,high
995,virginica,low,clay,high,medium,high,high,high,high,high,low,medium,low,high
996,virginica,medium,clay,high,medium,high,medium,high,high,medium,low,high,low,medium
997,virginica,medium,clay,low,medium,high,high,medium,high,low,low,medium,low,medium
998,virginica,medium,sandy,low,low,medium,high,low,medium,medium,low,high,low,medium
999,virginica,high,loamy,high,medium,medium,high,high,high,medium,low,high,low,high
1000,virginica,medium,loamy,high,medium,high,high,high,high,medium,low,medium,low,medium
1001,virginica,high,sandy,low,low,medium,high,low,medium,medium,low,high,low,high
1002,virginica,medium,sandy,medium,low,high,high,low,high,high,low,high,low,high
1003,virginica,medium,clay,medium,medium,medium,high,medium,high,medium,low,high,low,medium
1004,virginica,medium,clay,medium,medium,high,high,high,high,medium,low,high,low,high
1005,virginica,low,clay,medium,high,high,high,medium,high,low,low,high,low,high
1006,virginica,medium,clay,medium,medium,high,high,medium,high,medium,low,high,low,medium
1007,virginica,medium,clay,high,low,high,high,medium,high,high,low,high,low,high
1008,virginica,low,clay,medium,high,medium,medium,high,medium,low,low,medium,low,medium
1009,virginica,low,sandy,high,low,high,medium,medium,high,high,low,high,low,high
1010,virginica,low,sandy,medium,low,high,high,low,high,medium,low,high,low,medium
1011,virginica,high,sandy,high,medium,high,medium,high,medium,medium,low,high,low,medium
1012,virginica,high,loamy,medium,medium,high,high,medium,high,medium,low,high,low,high
1013,virginica,low,loamy,medium,medium,high,high,medium,high,medium,low,high,low,medium
1014,virginica,medium,clay,high,medium,high,high,high,high,medium,low,medium,low,high
1015,virginica,medium,sandy,medium,low,high,medium,low,high,medium,low,high,low,medium
1016,virginica,high,loamy,high,medium,medium,medium,medium,medium,medium,low,medium,low,medium
1017,virginica,low,loamy,high,low,high,high,medium,high,high,low,high,low,high
1018,virginica,low,sandy,high,low,medium,medium,medium,medium,high,low,medium,low,high
1019,virginica,high,loamy,medium,medium,medium,medium,medium,medium,medium,low,medium,low,high
1020,virginica,low,loamy,high,low,high,high,medium,high,high,low,medium,low,high
1021,virginica,low,sandy,high,low,high,medium,medium,high,high,low,high,low,medium
1022,virginica,high,loamy,medium,medium,high,high,medium,high,low,low,high,low,high
1023,virginica,medium,sandy,high,low,high,high,low,high,high,low,high,low,low
1024,virginica,low,loamy,high,medium,high,high,medium,high,medium,low,high,low,high
1025,virginica,low,sandy,high,low,medium,medium,high,medium,high,low,medium,low,high
1026,virginica,low,loamy,high,medium,high,high,high,high,medium,low,high,low,medium
1027,virginica,low,loamy,high,low,high,high,high,high,high,low,high,low,high
1028,virginica,high,sandy,high,low,high,medium,medium,high,high,low,high,low,high
1029,virginica,medium,loamy,medium,low,high,medium,low,medium,medium,low,high,medium,medium
1030,virginica,high,sandy,high,low,medium,medium,medium,medium,high,low,medium,low,medium
1031,virginica,high,sandy,medium,medium,high,medium,medium,medium,medium,low,medium,low,high
1032,virginica,medium,loamy,medium,medium,medium,high,medium,high,medium,low,high,low,medium
1033,virginica,low,clay,high,medium,high,high,high,high,medium,low,high,low,medium
1034,virginica,medium,loamy,high,medium,high,high,high,high,medium,low,high,low,high
1035,virginica,high,clay,high,medium,high,high,high,high,medium,low,high,low,high
1036,virginica,high,clay,high,medium,medium,medium,high,medium,medium,low,high,low,medium
1037,virginica,low,loamy,high,medium,high,high,high,high,medium,low,high,low,medium
1038,virginica,high,clay,high,medium,high,high,high,high,medium,low,medium,low,high
1039,virginica,medium,sandy,medium,low,high,medium,low,high,medium,low,high,low,high
1040,virginica,high,sandy,medium,low,high,medium,low,medium,high,low,medium,low,medium
1041,virginica,low,clay,high,medium,high,high,high,high,medium,low,high,low,high
1042,virginica,medium,sandy,medium,low,high,medium,low,high,medium,low,high,low,high
1043,virginica,high,loamy,medium,medium,high,high,high,high,medium,low,high,low,high
1044,virginica,medium,sandy,high,low,high,high,medium,high,high,low,medium,low,high
1045,virginica,medium,clay,medium,medium,high,high,medium,high,medium,low,high,low,high
1046,virginica,low,loamy,high,low,high,high,high,high,high,low,high,low,low
1047,virginica,low,sandy,high,low,high,high,medium,high,high,low,high,low,high
1048,virginica,low,loamy,low,low,high,medium,low,high,medium,low,high,low,medium
1049,virginica,high,clay,low,high,high,high,low,high,low,low,high,low,medium
1050,virginica,low,sandy,medium,low,high,medium,low,high,high,low,high,medium,high
1051,virginica,medium,loamy,high,low,high,high,low,high,high,low,medium,low,high
1052,virginica,high,loamy,medium,medium,medium,medium,medium,medium,medium,low,medium,low,high
1053,virginica,low,sandy,high,low,high,medium,medium,medium,high,low,high,low,high
1054,virginica,medium,loamy,high,low,high,medium,low,high,high,low,medium,low,high
1055,virginica,high,loamy,medium,medium,medium,high,high,high,medium,low,high,low,high
1056,virginica,high,clay,high,medium,medium,high,high,high,medium,low,high,low,medium
1057,virginica,medium,clay,medium,high,high,high,high,high,low,low,high,low,high
1058,virginica,high,clay,low,low,high,high,low,high,medium,low,high,low,medium
1059,virginica,low,clay,high,medium,high,high,high,high,medium,low,high,low,high
1060,virginica,high,clay,medium,high,medium,high,high,high,low,low,high,low,high
1061,virginica,low,clay,high,high,high,high,high,high,low,low,high,low,high
1062,virginica,high,sandy,high,low,high,high,medium,high,high,low,high,low,high
1063,virginica,low,clay,high,high,high,high,high,high,medium,low,high,low,high
1064,virginica,high,loamy,medium,low,high,high,medium,high,medium,low,high,low,high
1065,virginica,high,sandy,high,low,high,medium,medium,high,high,low,high,low,medium
1066,virginica,high,loamy,high,low,high,high,low,high,high,low,high,low,medium
1067,virginica,low,clay,high,medium,high,high,high,high,medium,low,high,low,high
1068,virginica,medium,clay,low,medium,medium,medium,medium,medium,low,low,medium,low,medium
1069,virginica,medium,loamy,medium,medium,medium,medium,medium,medium,medium,low,high,low,high
1070,virginica,high,loamy,high,medium,high,medium,high,high,medium,low,high,low,medium
1071,virginica,low,loamy,high,medium,high,high,high,high,medium,low,medium,low,high
1072,virginica,high,sandy,high,low,high,high,low,high,high,low,high,low,medium
1073,virginica,high,clay,high,low,medium,high,medium,high,high,low,high,low,medium
1074,virginica,low,loamy,medium,low,medium,high,medium,high,medium,low,medium,low,high
1075,virginica,high,clay,medium,high,high,high,high,high,low,low,high,low,medium
1076,virginica,medium,loamy,medium,medium,medium,medium,medium,medium,medium,low,high,low,high
1077,virginica,medium,clay,medium,low,high,high,medium,high,high,low,high,low,high
1078,virginica,low,sandy,high,medium,high,high,medium,high,medium,low,high,low,high
1079,virginica,medium,clay,medium,medium,medium,high,medium,high,medium,low,medium,low,high
1080,virginica,high,loamy,high,low,high,high,medium,high,high,low,high,low,medium
1081,virginica,medium,clay,medium,high,medium,high,high,high,low,low,high,low,medium
1082,virginica,medium,sandy,high,low,high,medium,low,high,high,low,medium,low,high
1083,virginica,high,sandy,high,low,high,high,medium,high,high,low,high,low,high
1084,virginica,high,clay,low,medium,medium,high,low,high,low,low,high,low,medium
1085,virginica,low,loamy,high,medium,high,high,high,high,medium,low,high,low,medium
1086,virginica,high,sandy,medium,low,high,high,low,high,high,low,high,medium,high
1087,virginica,medium,sandy,low,low,high,high,low,high,medium,low,high,low,high
1088,virginica,low,clay,high,medium,high,medium,high,high,medium,low,high,low,high
1089,virginica,low,sandy,high,low,high,medium,medium,medium,high,low,medium,low,medium
1090,virginica,medium,sandy,high,medium,high,medium,medium,high,medium,low,high,low,high
1091,virginica,high,loamy,medium,medium,high,high,medium,high,medium,low,high,low,high
1092,virginica,medium,loamy,medium,medium,high,high,medium,high,medium,low,high,low,high
1093,virginica,high,loamy,high,medium,medium,high,high,medium,medium,low,medium,low,medium
1094,virginica,low,clay,high,medium,medium,high,high,high,medium,low,high,low,low
1095,virginica,medium,sandy,medium,low,high,high,low,high,medium,low,high,low,medium
1096,virginica,high,clay,medium,low,medium,high,low,medium,medium,low,medium,low,low
1097,virginica,high,sandy,high,medium,high,high,medium,high,medium,low,medium,low,high
1098,virginica,low,sandy,high,low,high,medium,low,high,high,low,high,low,high
1099,virginica,medium,sandy,high,low,high,medium,medium,medium,high,low,high,low,medium
1100,virginica,low,loamy,medium,medium,high,high,medium,high,medium,low,medium,low,high
1101,virginica,medium,clay,medium,medium,high,high,medium,high,medium,low,high,low,high
1102,virginica,high,clay,medium,medium,high,high,high,high,low,low,medium,low,high
1103,virginica,high,sandy,high,low,medium,medium,medium,medium,medium,low,high,low,high
1104,virginica,low,clay,high,low,high,high,medium,high,high,low,high,low,high
1105,virginica,high,loamy,high,medium,high,medium,high,high,medium,low,high,low,medium
1106,virginica,medium,clay,high,medium,medium,medium,medium,medium,medium,low,medium,low,high
1107,virginica,medium,sandy,medium,low,high,medium,low,high,high,low,high,low,high
1108,virginica,medium,loamy,medium,medium,high,high,medium,high,medium,low,high,low,high
1109,virginica,medium,loamy,medium,medium,high,high,medium,high,medium,low,high,low,high
1110,virginica,medium,sandy,high,low,medium,medium,medium,medium,high,low,medium,low,medium
1111,virginica,medium,clay,medium,medium,medium,high,medium,medium,low,low,medium,low,medium
1112,virginica,medium,sandy,medium,low,high,high,low,high,high,low,medium,low,high
1113,virginica,low,clay,high,medium,high,high,high,high,medium,low,high,low,medium
1114,virginica,high,clay,low,high,medium,high,medium,medium,low,low,high,low,high
1115,virginica,medium,loamy,high,medium,high,high,high,high,medium,low,medium,low,medium
1116,virginica,low,sandy,high,low,high,medium,medium,medium,high,low,high,low,medium
1117,virginica,high,loamy,high,medium,high,high,high,high,medium,low,high,low,high
1118,virginica,high,sandy,high,low,high,high,medium,high,high,low,high,low,medium
1119,virginica,high,sandy,medium,low,high,high,low,high,medium,low,high,low,medium
1120,virginica,medium,loamy,medium,medium,high,high,medium,high,medium,low,high,low,high
1121,virginica,low,sandy,high,low,high,medium,medium,medium,high,low,medium,low,medium
1122,virginica,medium,sandy,high,low,high,high,low,high,high,low,high,medium,medium
1123,virginica,low,clay,high,high,high,high,high,high,medium,low,high,low,high
1124,virginica,high,sandy,low,low,high,high,low,high,medium,low,high,low,high
1125,virginica,low,sandy,medium,low,high,medium,low,medium,medium,low,high,low,high
1126,virginica,low,loamy,high,medium,high,high,high,high,medium,low,high,low,medium
1127,virginica,medium,loamy,medium,medium,high,high,medium,high,low,low,high,low,high
1128,virginica,medium,sandy,high,low,high,medium,low,medium,high,low,high,low,medium
1129,virginica,high,clay,high,medium,medium,high,medium,high,medium,low,medium,low,medium
1130,virginica,medium,clay,high,high,high,high,high,high,low,low,high,low,high
1131,virginica,low,loamy,medium,medium,high,high,medium,high,low,low,high,low,medium
1132,virginica,low,sandy,high,medium,high,medium,medium,high,medium,low,high,low,high
1133,virginica,medium,sandy,high,low,high,medium,medium,medium,high,low,medium,low,high
1134,virginica,low,clay,high,high,high,high,high,high,medium,low,high,low,medium
1135,virginica,medium,clay,low,medium,high,high,medium,high,low,low,high,low,high
1136,virginica,medium,clay,medium,medium,high,high,high,high,medium,low,high,low,high
1137,virginica,high,loamy,high,medium,high,high,high,high,medium,low,high,low,medium
1138,virginica,high,sandy,medium,low,high,medium,low,medium,high,low,high,low,high
1139,virginica,high,loamy,medium,medium,medium,high,medium,high,medium,low,high,low,medium
1140,virginica,high,sandy,medium,low,medium,high,low,high,medium,low,medium,low,high
1141,virginica,low,loamy,high,low,high,high,medium,high,high,low,high,low,medium
1142,virginica,low,sandy,high,low,high,high,medium,high,high,low,high,low,high
1143,virginica,low,clay,medium,medium,high,high,medium,high,medium,low,high,low,high
1144,virginica,high,clay,medium,medium,medium,high,high,high,low,low,high,low,high
1145,virginica,high,clay,medium,high,high,high,high,high,low,low,high,low,high
1146,virginica,high,loamy,high,medium,high,high,high,high,medium,low,medium,low,medium
1147,virginica,low,clay,medium,medium,high,high,high,high,medium,low,medium,low,high
1148,virginica,high,sandy,medium,low,high,medium,medium,medium,medium,low,high,low,high
1149,virginica,medium,loamy,high,medium,high,high,high,high,medium,low,high,low,high
1150,virginica,low,sandy,high,medium,high,high,high,high,high,low,high,low,high
1151,virginica,medium,loamy,medium,medium,medium,high,medium,high,medium,low,high,medium,high
1152,virginica,low,sandy,high,low,high,medium,low,high,high,low,high,low,medium
1153,virginica,medium,sandy,medium,low,high,medium,low,high,high,low,high,low,medium
1154,virginica,medium,loamy,high,medium,high,medium,high,medium,medium,medium,medium,low,high
1155,virginica,medium,loamy,medium,medium,medium,high,medium,high,medium,low,medium,low,high
1156,virginica,medium,clay,medium,medium,high,high,medium,high,medium,low,high,low,medium
1157,virginica,high,clay,low,medium,high,high,medium,high,low,low,high,low,low
1158,virginica,medium,sandy,medium,low,high,high,low,high,high,low,high,low,high
1159,virginica,medium,sandy,low,low,high,medium,low,medium,high,low,high,low,high
1160,virginica,high,sandy,medium,medium,high,high,medium,high,medium,low,high,medium,high
1161,virginica,high,loamy,medium,medium,high,high,medium,high,medium,low,high,low,high
1162,virginica,low,loamy,high,medium,high,high,high,high,medium,low,high,low,high
1163,virginica,medium,clay,high,high,high,high,high,high,low,low,high,low,high
1164,virginica,low,sandy,high,low,high,medium,low,medium,high,low,medium,low,high
1165,virginica,low,clay,medium,medium,high,high,medium,high,medium,low,high,low,medium
1166,virginica,high,loamy,medium,high,high,high,high,high,low,low,high,low,high
1167,virginica,high,loamy,high,low,high,high,medium,high,high,low,high,low,high
1168,virginica,low,loamy,high,low,high,medium,medium,high,high,low,medium,low,high
1169,virginica,high,clay,high,medium,high,high,high,high,medium,low,medium,low,high
1170,virginica,high,loamy,high,low,high,high,medium,high,high,low,high,medium,high
1171,virginica,high,sandy,medium,low,medium,high,low,high,high,low,high,low,high
1172,virginica,low,clay,high,medium,medium,high,high,high,medium,low,medium,low,low
1173,virginica,high,loamy,medium,medium,high,high,medium,high,medium,low,high,low,high
1174,virginica,low,clay,high,medium,high,high,high,high,medium,low,high,medium,high
1175,virginica,medium,clay,high,medium,medium,high,high,high,medium,low,high,low,high
1176,virginica,low,loamy,high,medium,high,high,high,high,high,low,medium,low,high
1177,virginica,low,loamy,medium,medium,high,high,medium,high,medium,low,medium,low,medium
1178,virginica,high,clay,medium,medium,high,high,high,high,medium,low,high,low,high
1179,virginica,medium,clay,high,medium,high,high,high,high,medium,low,high,low,medium
1180,virginica,low,loamy,high,medium,high,high,medium,high,medium,low,high,low,medium
1181,virginica,low,sandy,high,low,high,medium,low,medium,high,medium,high,low,medium
1182,virginica,high,clay,medium,medium,high,high,medium,high,low,low,high,low,high
1183,virginica,low,clay,high,high,high,high,high,high,medium,low,high,low,high
1184,virginica,high,sandy,medium,medium,medium,medium,low,medium,medium,low,medium,low,high
1185,virginica,low,loamy,high,medium,high,high,high,high,medium,low,high,low,high
1186,virginica,low,loamy,high,low,high,high,medium,high,high,low,medium,low,high
1187,virginica,medium,sandy,high,low,high,high,medium,high,high,low,high,low,high
1188,virginica,medium,loamy,medium,medium,high,high,medium,high,medium,low,high,low,high
1189,virginica,medium,loamy,medium,medium,medium,high,medium,high,medium,low,high,low,low
1190,virginica,low,clay,high,medium,medium,high,high,high,medium,low,medium,medium,high
1191,virginica,high,clay,medium,medium,medium,high,medium,high,low,low,medium,low,medium
1192,virginica,medium,clay,medium,medium,high,high,medium,high,medium,low,medium,low,high
1193,virginica,low,sandy,low,low,high,medium,low,high,medium,low,high,low,high
1194,virginica,medium,loamy,medium,low,medium,high,low,high,high,low,medium,low,high
1195,virginica,high,loamy,low,low,high,high,low,high,medium,low,high,low,medium
1196,virginica,low,clay,high,medium,high,high,high,high,medium,low,high,low,high
1197,virginica,low,clay,high,medium,medium,high,high,high,medium,low,high,low,high
1198,virginica,high,sandy,medium,low,high,medium,low,high,high,low,high,low,high
1199,virginica,medium,loamy,low,medium,high,medium,medium,medium,low,low,high,low,medium
